Glen Gery,200340,CORE LAND,4000,10,Land - Freehold,,,,,,,300000.00,,,11/23/2018,0,,300000.00,,,,,,,,,,,,,,,,,,,,,,
Glen Gery,200342,PARKING SPACES,4000,15,Land - Improvements,,,,,,,76388.89,,,11/23/2018,36,,110000.00,,,,,,,,,,,,,,,,,,,,,,
Glen Gery,200343,LANDSCAPING,4000,15,Land - Improvements,,,,,,,20833.33,,,11/23/2018,36,,30000.00,,,,,,,,,,,,,,,,,,,,,,
Glen Gery,200341,BUILDING 1 HEADQUARTERS,4000,40,Buildings,,,,,,,696541.67,,,11/23/2018,240,,730000.00,,,,,,,,,,,,,,,,,,,,,,
Glen Gery,200216,Tech Serv- Roof Asset Life Add,4000,40,Buildings,,,,,,,95336.78,,,3/1/2019,180,,99771.00,,,,,,,,,,,,,,,,,,,,,,
Glen Gery,200763,Corporate Kitchen Renovation,4000,40,Buildings,,,,,,,36627.10,,,8/1/2019,120,,37566.26,,,,,,,,,,,,,,,,,,,,,,
Glen Gery,200764,Finance/IT Wing Renovation,4000,40,Buildings,,,,,,,87283.74,,,8/1/2019,120,,89521.78,,,,,,,,,,,,,,,,,,,,,,
Glen Gery,200765,Executive Wing Renovation,4000,40,Buildings,,,,,,,58190.19,,,8/1/2019,120,,59682.25,,,,,,,,,,,,,,,,,,,,,,
Glen Gery,200778,NYC Design Center Remodel,4000,40,Buildings,,,,,,,87357.57,,,9/1/2019,42,,91773.32,,,,,,,,,,,,,,,,,,,,,,
Glen Gery,200330,COOLING TOWER INSTALLATION,4000,45,Plant & Machinery,,,,,,,1841.67,,,11/23/2018,24,,3400.00,,,,,,,,,,,,,,,,,,,,,,
Glen Gery,200334,LAB KILN,4000,45,Plant & Machinery,,,,,,,325.00,,,11/23/2018,24,,600.00,,,,,,,,,,,,,,,,,,,,,,
Glen Gery,200336,COOLING TOWER; PUMP & FILTERS,4000,45,Plant & Machinery,,,,,,,189.58,,,11/23/2018,24,,350.00,,,,,,,,,,,,,,,,,,,,,,
Glen Gery,200337,LAB EQUIPMENT: AUGER,4000,45,Plant & Machinery,,,,,,,81.25,,,11/23/2018,24,,150.00,,,,,,,,,,,,,,,,,,,,,,
Glen Gery,200338,LAB EXTRUDER PARTS,4000,45,Plant & Machinery,,,,,,,81.25,,,11/23/2018,24,,150.00,,,,,,,,,,,,,,,,,,,,,,
Glen Gery,200339,MUFFLE KILN SN#058990976819,4000,45,Plant & Machinery,,,,,,,54.17,,,11/23/2018,24,,100.00,,,,,,,,,,,,,,,,,,,,,,
Glen Gery,200329,LECO CARBON/SULPHUR ANALYZER,4000,45,Plant & Machinery,,,,,,,50911.46,,,11/23/2018,96,,57500.00,,,,,,,,,,,,,,,,,,,,,,
Glen Gery,200333,HMPL 350 SERVER I S,4000,70,Office Equipment,,,,,,,189.58,,,11/23/2018,24,,350.00,,,,,,,,,,,,,,,,,,,,,,
Glen Gery,200327,JDE CONVERSION COSTS,4000,70,Office Equipment,,,,,,,125000.00,,,11/23/2018,36,,180000.00,,,,,,,,,,,,,,,,,,,,,,
Glen Gery,200331,RPL CORP PHONE SYSTEM SHORETEL,4000,70,Office Equipment,,,,,,,8333.33,,,11/23/2018,36,,12000.00,,,,,,,,,,,,,,,,,,,,,,
Glen Gery,200326,JDE LICENSING IT INFRSTRCTRE,4000,70,Office Equipment,,,,,,,200416.67,,,11/23/2018,48,,260000.00,,,,,,,,,,,,,,,,,,,,,,
Glen Gery,200332,CORP SHORETEL BACKUP SYSTEM,4000,70,Office Equipment,,,,,,,7708.33,,,11/23/2018,48,,10000.00,,,,,,,,,,,,,,,,,,,,,,
Glen Gery,200335,SHORETEL BACKUP SYSTEM PHASEII,4000,70,Office Equipment,,,,,,,2450.00,,,11/23/2018,60,,3000.00,,,,,,,,,,,,,,,,,,,,,,
Glen Gery,200328,CORP OFFICE RENOVATIONS,4000,70,Office Equipment,,,,,,,61979.17,,,11/23/2018,96,,70000.00,,,,,,,,,,,,,,,,,,,,,,
Glen Gery,200198,Oracle Sales Cloud CRM System,4000,70,Office Equipment,,,,,,,104716.70,,,12/1/2018,60,,128224.31,,,,,,,,,,,,,,,,,,,,,,
Glen Gery,200781,IT Hardware Lease Buyout (Dell,4000,70,Office Equipment,,,,,,,25820.39,,,3/1/2019,9,,116188.42,,,,,,,,,,,,,,,,,,,,,,
Glen Gery,200228,Xerox Copier- Brickworks Wing,4000,70,Office Equipment,,,,,,,11734.00,,,5/1/2019,84,,12636.54,,,,,,,,,,,,,,,,,,,,,,
Glen Gery,200226,Corp Video Conferencing System,4000,70,Office Equipment,,,,,,,80706.54,,,5/1/2019,120,,84954.20,,,,,,,,,,,,,,,,,,,,,,
Glen Gery,200227,Video Conf System- Brickworks,4000,70,Office Equipment,,,,,,,27592.43,,,5/1/2019,120,,29044.61,,,,,,,,,,,,,,,,,,,,,,
Glen Gery,200240,IT Hardware Purchase (5) Lapto,4000,70,Office Equipment,,,,,,,9370.91,,,6/1/2019,36,,10882.19,,,,,,,,,,,,,,,,,,,,,,
Glen Gery,200242,IT Purchase (5) Laptops II,4000,70,Office Equipment,,,,,,,9174.54,,,6/1/2019,36,,10654.14,,,,,,,,,,,,,,,,,,,,,,
Glen Gery,200241,HVAC Units- Brickworks Wing,4000,70,Office Equipment,,,,,,,35496.86,,,6/1/2019,120,,37040.16,,,,,,,,,,,,,,,,,,,,,,
Glen Gery,200251,IT Hardware- 10 Laptops III,4000,70,Office Equipment,,,,,,,18933.34,,,7/1/2019,36,,21299.89,,,,,,,,,,,,,,,,,,,,,,
Glen Gery,200250,Xerox AltaLink C8055 Copier-Ex,4000,70,Office Equipment,,,,,,,9193.94,,,7/1/2019,60,,9850.58,,,,,,,,,,,,,,,,,,,,,,
Glen Gery,200766,NED Programming Laptop & Softw,4000,70,Office Equipment,,,,,,,21503.25,,,8/1/2019,36,,23458.09,,,,,,,,,,,,,,,,,,,,,,
Glen Gery,200767,ERP ALLOUT User Management Sys,4000,70,Office Equipment,,,,,,,6864.00,,,8/1/2019,36,,7488.00,,,,,,,,,,,,,,,,,,,,,,
Glen Gery,200768,Lobby;Sign;AG Boardrm Revnovat,4000,70,Office Equipment,,,,,,,63185.87,,,8/1/2019,120,,64806.02,,,,,,,,,,,,,,,,,,,,,,
Glen Gery,200780,Ultimate Software- Time Tracki,4000,70,Office Equipment,,,,,,,6072.92,,,9/1/2019,24,,6625.00,,,,,,,,,,,,,,,,,,,,,,
Glen Gery,200779,Drone & Drone Deploy Software,4000,70,Office Equipment,,,,,,,12425.00,,,9/1/2019,36,,13155.88,,,,,,,,,,,,,,,,,,,,,,
Glen Gery,200776,Natl Call Center & Mktg Upgrad,4000,70,Office Equipment,,,,,,,72775.61,,,9/1/2019,120,,74009.09,,,,,,,,,,,,,,,,,,,,,,
Glen Gery,200788,BW NA Exec Wing Renovations,4000,70,Office Equipment,,,,,,,92275.93,,,9/25/2019,120,,93051.36,,,,,,,,,,,,,,,,,,,,,,
York Plant,200536,CORE LAND,4100,10,Land - Freehold,,,,,,,1320000.00,,,11/23/2018,0,,1320000.00,,,,,,,,,,,,,,,,,,,,,,
York Plant,200537,QUARRY OXFORD,4100,10,Land - Freehold,,,,,,,480000.00,,,11/23/2018,0,,480000.00,,,,,,,,,,,,,,,,,,,,,,
York Plant,200538,QUARRY DAVIDSBURG ROAD,4100,10,Land - Freehold,,,,,,,1050000.00,,,11/23/2018,0,,1050000.00,,,,,,,,,,,,,,,,,,,,,,
York Plant,200539,QUARRY BINDER,4100,10,Land - Freehold,,,,,,,210000.00,,,11/23/2018,0,,210000.00,,,,,,,,,,,,,,,,,,,,,,
York Plant,200540,QUARRY MILL CREEK ROAD,4100,10,Land - Freehold,,,,,,,520000.00,,,11/23/2018,0,,520000.00,,,,,,,,,,,,,,,,,,,,,,
York Plant,200541,QUARRY BOWERS BRIDGE,4100,10,Land - Freehold,,,,,,,470000.00,,,11/23/2018,0,,470000.00,,,,,,,,,,,,,,,,,,,,,,
York Plant,200542,QUARRY DOVER,4100,10,Land - Freehold,,,,,,,870000.00,,,11/23/2018,0,,870000.00,,,,,,,,,,,,,,,,,,,,,,
York Plant,200554,PARKING SPACES,4100,15,Land - Improvements,,,,,,,13888.89,,,11/23/2018,36,,20000.00,,,,,,,,,,,,,,,,,,,,,,
York Plant,200555,PAVING ASPHALT,4100,15,Land - Improvements,,,,,,,6944.44,,,11/23/2018,36,,10000.00,,,,,,,,,,,,,,,,,,,,,,
York Plant,200543,BUILDING 1 MAIN PLANT,4100,40,Buildings,,,,,,,1611383.33,,,11/23/2018,120,,1774000.00,,,,,,,,,,,,,,,,,,,,,,
York Plant,200544,BUILDING 2 SUPPLY STORAGE #1,4100,40,Buildings,,,,,,,69033.33,,,11/23/2018,120,,76000.00,,,,,,,,,,,,,,,,,,,,,,
York Plant,200545,BUILDING 3 SUPPLY STORAGE #2,4100,40,Buildings,,,,,,,54500.00,,,11/23/2018,120,,60000.00,,,,,,,,,,,,,,,,,,,,,,
York Plant,200546,BUILDING 4 STORAGE SHED #1,4100,40,Buildings,,,,,,,36333.33,,,11/23/2018,120,,40000.00,,,,,,,,,,,,,,,,,,,,,,
York Plant,200547,BUILDING 5 STORAGE SHED #2,4100,40,Buildings,,,,,,,21800.00,,,11/23/2018,120,,24000.00,,,,,,,,,,,,,,,,,,,,,,
York Plant,200548,BUILDING 6 STORAGE SHED #3,4100,40,Buildings,,,,,,,34516.67,,,11/23/2018,120,,38000.00,,,,,,,,,,,,,,,,,,,,,,
York Plant,200549,BUILDING 7 STORAGE SHED #4,4100,40,Buildings,,,,,,,29066.67,,,11/23/2018,120,,32000.00,,,,,,,,,,,,,,,,,,,,,,
York Plant,200550,BUILDING 8 POLE BUILDING,4100,40,Buildings,,,,,,,22708.33,,,11/23/2018,120,,25000.00,,,,,,,,,,,,,,,,,,,,,,
York Plant,200551,BUILDING 9 LOCKER ROOM,4100,40,Buildings,,,,,,,55408.33,,,11/23/2018,120,,61000.00,,,,,,,,,,,,,,,,,,,,,,
York Plant,200552,BUILDING 10 LAB BUILDING,4100,40,Buildings,,,,,,,54500.00,,,11/23/2018,120,,60000.00,,,,,,,,,,,,,,,,,,,,,,
York Plant,200553,BUILDING 11 OFFICE,4100,40,Buildings,,,,,,,109000.00,,,11/23/2018,120,,120000.00,,,,,,,,,,,,,,,,,,,,,,
York Plant,200196,Roof- Asset Life Extension,4100,40,Buildings,,,,,,,86499.43,,,12/1/2018,180,,92129.50,,,,,,,,,,,,,,,,,,,,,,
York Plant,200496,CUTTERS,4100,45,Plant & Machinery,,,,,,,15166.67,,,11/23/2018,24,,28000.00,,,,,,,,,,,,,,,,,,,,,,
York Plant,200497,SPRAY COATING BOOTHS,4100,45,Plant & Machinery,,,,,,,2708.33,,,11/23/2018,24,,5000.00,,,,,,,,,,,,,,,,,,,,,,
York Plant,200510,KILN CAR CLEANING SYSTEM,4100,45,Plant & Machinery,,,,,,,5416.67,,,11/23/2018,24,,10000.00,,,,,,,,,,,,,,,,,,,,,,
York Plant,200511,KILN CONTROLS,4100,45,Plant & Machinery,,,,,,,10833.33,,,11/23/2018,24,,20000.00,,,,,,,,,,,,,,,,,,,,,,
York Plant,200512,COMPRESSOR AIR #1,4100,45,Plant & Machinery,,,,,,,5416.67,,,11/23/2018,24,,10000.00,,,,,,,,,,,,,,,,,,,,,,
York Plant,200513,COMPRESSOR AIR #2,4100,45,Plant & Machinery,,,,,,,5416.67,,,11/23/2018,24,,10000.00,,,,,,,,,,,,,,,,,,,,,,
York Plant,200514,COMPRESSOR AIR #3,4100,45,Plant & Machinery,,,,,,,5416.67,,,11/23/2018,24,,10000.00,,,,,,,,,,,,,,,,,,,,,,
York Plant,200515,SCALE TRUCK,4100,45,Plant & Machinery,,,,,,,13541.67,,,11/23/2018,24,,25000.00,,,,,,,,,,,,,,,,,,,,,,
York Plant,200516,LAB EQUIPMENT,4100,45,Plant & Machinery,,,,,,,1625.00,,,11/23/2018,24,,3000.00,,,,,,,,,,,,,,,,,,,,,,
York Plant,200517,MAINT. MACHINE SHOP EQUIP.,4100,45,Plant & Machinery,,,,,,,5416.67,,,11/23/2018,24,,10000.00,,,,,,,,,,,,,,,,,,,,,,
York Plant,200484,GRINDER SECONDARY #1,4100,45,Plant & Machinery,,,,,,,26460.00,,,11/23/2018,60,,32400.00,,,,,,,,,,,,,,,,,,,,,,
York Plant,200485,GRINDER SECONDARY #2,4100,45,Plant & Machinery,,,,,,,26460.00,,,11/23/2018,60,,32400.00,,,,,,,,,,,,,,,,,,,,,,
York Plant,200486,CONVEYORS & FEEDERS GRINDING,4100,45,Plant & Machinery,,,,,,,137200.00,,,11/23/2018,60,,168000.00,,,,,,,,,,,,,,,,,,,,,,
York Plant,200487,BINS CLAY STORAGE,4100,45,Plant & Machinery,,,,,,,34300.00,,,11/23/2018,60,,42000.00,,,,,,,,,,,,,,,,,,,,,,
York Plant,200488,SCREEN BANKS,4100,45,Plant & Machinery,,,,,,,137200.00,,,11/23/2018,60,,168000.00,,,,,,,,,,,,,,,,,,,,,,
York Plant,200489,ADDITIVE FEEDER,4100,45,Plant & Machinery,,,,,,,6860.00,,,11/23/2018,60,,8400.00,,,,,,,,,,,,,,,,,,,,,,
York Plant,200490,DUST COLLECTION SYSTEM,4100,45,Plant & Machinery,,,,,,,20416.67,,,11/23/2018,60,,25000.00,,,,,,,,,,,,,,,,,,,,,,
York Plant,200491,EXTRUDER/PUG MILL #1,4100,45,Plant & Machinery,,,,,,,102083.33,,,11/23/2018,60,,125000.00,,,,,,,,,,,,,,,,,,,,,,
York Plant,200492,EXTRUDER/PUG MILL #2,4100,45,Plant & Machinery,,,,,,,85750.00,,,11/23/2018,60,,105000.00,,,,,,,,,,,,,,,,,,,,,,
York Plant,200493,EXTRUDER/PUG MILL #3,4100,45,Plant & Machinery,,,,,,,85750.00,,,11/23/2018,60,,105000.00,,,,,,,,,,,,,,,,,,,,,,
York Plant,200494,EXTRUDER/PUG MILL #4,4100,45,Plant & Machinery,,,,,,,85750.00,,,11/23/2018,60,,105000.00,,,,,,,,,,,,,,,,,,,,,,
York Plant,200495,SETTING MACHINE,4100,45,Plant & Machinery,,,,,,,310333.33,,,11/23/2018,60,,380000.00,,,,,,,,,,,,,,,,,,,,,,
York Plant,200498,HANDMADE MOLDED MACHINE,4100,45,Plant & Machinery,,,,,,,8166.67,,,11/23/2018,60,,10000.00,,,,,,,,,,,,,,,,,,,,,,
York Plant,200499,DEPALLETIZER HANDMADE,4100,45,Plant & Machinery,,,,,,,8166.67,,,11/23/2018,60,,10000.00,,,,,,,,,,,,,,,,,,,,,,
York Plant,200500,DRYER HANDMADE CHAMBER,4100,45,Plant & Machinery,,,,,,,63291.67,,,11/23/2018,60,,77500.00,,,,,,,,,,,,,,,,,,,,,,
York Plant,200503,DRYERS KILN #2,4100,45,Plant & Machinery,,,,,,,63291.67,,,11/23/2018,60,,77500.00,,,,,,,,,,,,,,,,,,,,,,
York Plant,200504,KILN HARROP #2,4100,45,Plant & Machinery,,,,,,,424666.67,,,11/23/2018,60,,520000.00,,,,,,,,,,,,,,,,,,,,,,
York Plant,200506,MONORAIL #1,4100,45,Plant & Machinery,,,,,,,126583.33,,,11/23/2018,60,,155000.00,,,,,,,,,,,,,,,,,,,,,,
York Plant,200507,MONORAIL #2,4100,45,Plant & Machinery,,,,,,,126583.33,,,11/23/2018,60,,155000.00,,,,,,,,,,,,,,,,,,,,,,
York Plant,200508,KILN CARS,4100,45,Plant & Machinery,,,,,,,140466.67,,,11/23/2018,60,,172000.00,,,,,,,,,,,,,,,,,,,,,,
York Plant,200509,TRANSFER CARS,4100,45,Plant & Machinery,,,,,,,35116.67,,,11/23/2018,60,,43000.00,,,,,,,,,,,,,,,,,,,,,,
York Plant,200501,DRYER SHAPES,4100,45,Plant & Machinery,,,,,,,12395.83,,,11/23/2018,96,,14000.00,,,,,,,,,,,,,,,,,,,,,,
York Plant,200502,KILN SHAPES,4100,45,Plant & Machinery,,,,,,,40729.17,,,11/23/2018,96,,46000.00,,,,,,,,,,,,,,,,,,,,,,
York Plant,200505,SCRUBBER DLA,4100,45,Plant & Machinery,,,,,,,454166.67,,,11/23/2018,120,,500000.00,,,,,,,,,,,,,,,,,,,,,,
York Plant,200483,CRUSHER PRIMARY,4100,45,Plant & Machinery,,,,,,,366525.00,,,11/23/2018,192,,388800.00,,,,,,,,,,,,,,,,,,,,,,
York Plant,200229,Kiln Car Asset Life Extension,4100,45,Plant & Machinery,,,,,,,68926.94,,,6/1/2019,60,,75192.93,,,,,,,,,,,,,,,,,,,,,,
York Plant,200230,Kiln #1 Exhuast Stack & Grindi,4100,45,Plant & Machinery,,,,,,,21030.44,,,6/1/2019,60,,22942.21,,,,,,,,,,,,,,,,,,,,,,
York Plant,200244,#1 Dry Pan- Main Cross Beam,4100,45,Plant & Machinery,,,,,,,39740.30,,,7/1/2019,60,,42578.82,,,,,,,,,,,,,,,,,,,,,,
York Plant,200245,Bucket Elevator- Grinding Room,4100,45,Plant & Machinery,,,,,,,13476.99,,,7/1/2019,60,,14439.57,,,,,,,,,,,,,,,,,,,,,,
York Plant,200771,Kiln Car (54) Asset Life Exten,4100,45,Plant & Machinery,,,,,,,97552.54,,,9/1/2019,60,,100916.42,,,,,,,,,,,,,,,,,,,,,,
York Plant,200518,SWEEPER,4100,60,Mobile Plant,,,,,,,4062.50,,,11/23/2018,24,,7500.00,,,,,,,,,,,,,,,,,,,,,,
York Plant,200520,FORKLIFT,4100,60,Mobile Plant,,,,,,,7041.67,,,11/23/2018,24,,13000.00,,,,,,,,,,,,,,,,,,,,,,
York Plant,200523,FORKLIFT,4100,60,Mobile Plant,,,,,,,7041.67,,,11/23/2018,24,,13000.00,,,,,,,,,,,,,,,,,,,,,,
York Plant,200524,FORKLIFT,4100,60,Mobile Plant,,,,,,,7041.67,,,11/23/2018,24,,13000.00,,,,,,,,,,,,,,,,,,,,,,
York Plant,200525,FORKLIFT,4100,60,Mobile Plant,,,,,,,5958.33,,,11/23/2018,24,,11000.00,,,,,,,,,,,,,,,,,,,,,,
York Plant,200527,FORKLIFT,4100,60,Mobile Plant,,,,,,,5416.67,,,11/23/2018,24,,10000.00,,,,,,,,,,,,,,,,,,,,,,
York Plant,200529,LOADER WHEEL,4100,60,Mobile Plant,,,,,,,16791.67,,,11/23/2018,24,,31000.00,,,,,,,,,,,,,,,,,,,,,,
York Plant,200530,LOADER WHEEL,4100,60,Mobile Plant,,,,,,,29791.67,,,11/23/2018,24,,55000.00,,,,,,,,,,,,,,,,,,,,,,
York Plant,200531,TRUCK DUMP,4100,60,Mobile Plant,,,,,,,7041.67,,,11/23/2018,24,,13000.00,,,,,,,,,,,,,,,,,,,,,,
York Plant,200532,TRUCK DUMP,4100,60,Mobile Plant,,,,,,,9750.00,,,11/23/2018,24,,18000.00,,,,,,,,,,,,,,,,,,,,,,
York Plant,200533,TRUCK DUMP,4100,60,Mobile Plant,,,,,,,2708.33,,,11/23/2018,24,,5000.00,,,,,,,,,,,,,,,,,,,,,,
York Plant,200535,BOOM LIFT,4100,60,Mobile Plant,,,,,,,5145.83,,,11/23/2018,24,,9500.00,,,,,,,,,,,,,,,,,,,,,,
York Plant,200521,FORKLIFT,4100,60,Mobile Plant,,,,,,,9027.78,,,11/23/2018,36,,13000.00,,,,,,,,,,,,,,,,,,,,,,
York Plant,200534,FORKLIFT,4100,60,Mobile Plant,,,,,,,9027.78,,,11/23/2018,36,,13000.00,,,,,,,,,,,,,,,,,,,,,,
York Plant,200526,FORKLIFT,4100,60,Mobile Plant,,,,,,,17966.67,,,11/23/2018,60,,22000.00,,,,,,,,,,,,,,,,,,,,,,
York Plant,200519,FORKLIFT,4100,60,Mobile Plant,,,,,,,21726.19,,,11/23/2018,84,,25000.00,,,,,,,,,,,,,,,,,,,,,,
York Plant,200522,FORKLIFT,4100,60,Mobile Plant,,,,,,,37369.05,,,11/23/2018,84,,43000.00,,,,,,,,,,,,,,,,,,,,,,
York Plant,200528,LOADER WHEEL,4100,60,Mobile Plant,,,,,,,134702.39,,,11/23/2018,84,,155000.00,,,,,,,,,,,,,,,,,,,,,,
Hanley Plant,200320,CORE LAND,4120,10,Land - Freehold,,,,,,,430000.00,,,11/23/2018,0,,430000.00,,,,,,,,,,,,,,,,,,,,,,
Hanley Plant,200321,QUARRY REITZ,4120,10,Land - Freehold,,,,,,,310000.00,,,11/23/2018,0,,310000.00,,,,,,,,,,,,,,,,,,,,,,
Hanley Plant,200325,PARKING SPACES,4120,15,Land - Improvements,,,,,,,36333.33,,,11/23/2018,120,,40000.00,,,,,,,,,,,,,,,,,,,,,,
Hanley Plant,200773,Comcrete Yard- I,4120,15,Land - Improvements,,,,,,,93450.00,,,9/1/2019,180,,94500.00,,,,,,,,,,,,,,,,,,,,,,
Hanley Plant,200323,BUILDING 2 STORAGE,4120,40,Buildings,,,,,,,52683.33,,,11/23/2018,120,,58000.00,,,,,,,,,,,,,,,,,,,,,,
Hanley Plant,200324,BUILDING 3 STORAGE BUILDING,4120,40,Buildings,,,,,,,23616.67,,,11/23/2018,120,,26000.00,,,,,,,,,,,,,,,,,,,,,,
Hanley Plant,200322,BUILDING 1 MAIN PLANT,4120,40,Buildings,,,,,,,2457933.33,,,11/23/2018,240,,2576000.00,,,,,,,,,,,,,,,,,,,,,,
Hanley Plant,200246,LED Lighting,4120,40,Buildings,,,,,,,153369.79,,,7/1/2019,180,,156855.45,,,,,,,,,,,,,,,,,,,,,,
Hanley Plant,200247,Scrubber Building Upgrade,4120,40,Buildings,,,,,,,76252.02,,,7/1/2019,180,,77985.00,,,,,,,,,,,,,,,,,,,,,,
Hanley Plant,200791,Roff-Asset Life Ext-Kiln Contr,4120,40,Buildings,,,,,,,93138.67,,,10/17/2019,180,,93659.00,,,,,,,,,,,,,,,,,,,,,,
Hanley Plant,200297,COMPRESSOR AIR,4120,45,Plant & Machinery,,,,,,,8125.00,,,11/23/2018,24,,15000.00,,,,,,,,,,,,,,,,,,,,,,
Hanley Plant,200298,SCALE TRUCK,4120,45,Plant & Machinery,,,,,,,21666.67,,,11/23/2018,24,,40000.00,,,,,,,,,,,,,,,,,,,,,,
Hanley Plant,200299,LAB EQUIPMENT,4120,45,Plant & Machinery,,,,,,,13541.67,,,11/23/2018,24,,25000.00,,,,,,,,,,,,,,,,,,,,,,
Hanley Plant,200300,MAINT. MACHINE SHOP EQUIP.,4120,45,Plant & Machinery,,,,,,,13541.67,,,11/23/2018,24,,25000.00,,,,,,,,,,,,,,,,,,,,,,
Hanley Plant,200254,CRUSHER PRIMARY #1,4120,45,Plant & Machinery,,,,,,,37500.00,,,11/23/2018,36,,54000.00,,,,,,,,,,,,,,,,,,,,,,
Hanley Plant,200255,CRUSHER PRIMARY #2,4120,45,Plant & Machinery,,,,,,,37500.00,,,11/23/2018,36,,54000.00,,,,,,,,,,,,,,,,,,,,,,
Hanley Plant,200289,CORNER SAW THIN BRICK,4120,45,Plant & Machinery,,,,,,,207145.83,,,11/23/2018,72,,244500.00,,,,,,,,,,,,,,,,,,,,,,
Hanley Plant,200291,DRYER THIN BRICK,4120,45,Plant & Machinery,,,,,,,34524.31,,,11/23/2018,72,,40750.00,,,,,,,,,,,,,,,,,,,,,,
Hanley Plant,200293,SCALE TRUCK,4120,45,Plant & Machinery,,,,,,,34761.91,,,11/23/2018,84,,40000.00,,,,,,,,,,,,,,,,,,,,,,
Hanley Plant,200296,COMPRESSOR AIR 150HP,4120,45,Plant & Machinery,,,,,,,13035.72,,,11/23/2018,84,,15000.00,,,,,,,,,,,,,,,,,,,,,,
Hanley Plant,200256,DRY PAN #1,4120,45,Plant & Machinery,,,,,,,29430.00,,,11/23/2018,120,,32400.00,,,,,,,,,,,,,,,,,,,,,,
Hanley Plant,200257,DRY PAN #2,4120,45,Plant & Machinery,,,,,,,29430.00,,,11/23/2018,120,,32400.00,,,,,,,,,,,,,,,,,,,,,,
Hanley Plant,200258,DRY PAN #3,4120,45,Plant & Machinery,,,,,,,29430.00,,,11/23/2018,120,,32400.00,,,,,,,,,,,,,,,,,,,,,,
Hanley Plant,200259,MILL RAYMOND,4120,45,Plant & Machinery,,,,,,,76027.50,,,11/23/2018,120,,83700.00,,,,,,,,,,,,,,,,,,,,,,
Hanley Plant,200260,MILL HAMMER,4120,45,Plant & Machinery,,,,,,,58860.00,,,11/23/2018,120,,64800.00,,,,,,,,,,,,,,,,,,,,,,
Hanley Plant,200261,CONVEYORS & FEEDERS GRINDING,4120,45,Plant & Machinery,,,,,,,118991.67,,,11/23/2018,120,,131000.00,,,,,,,,,,,,,,,,,,,,,,
Hanley Plant,200262,BINS CLAY STORAGE,4120,45,Plant & Machinery,,,,,,,29747.92,,,11/23/2018,120,,32750.00,,,,,,,,,,,,,,,,,,,,,,
Hanley Plant,200263,SCREEN BANKS,4120,45,Plant & Machinery,,,,,,,118991.67,,,11/23/2018,120,,131000.00,,,,,,,,,,,,,,,,,,,,,,
Hanley Plant,200264,WEIGH FEEDER MERRICK,4120,45,Plant & Machinery,,,,,,,5949.58,,,11/23/2018,120,,6550.00,,,,,,,,,,,,,,,,,,,,,,
Hanley Plant,200265,DUST COLLECTION SYSTEM,4120,45,Plant & Machinery,,,,,,,58587.50,,,11/23/2018,120,,64500.00,,,,,,,,,,,,,,,,,,,,,,
Hanley Plant,200266,EXTRUDER/PUG MILL #1,4120,45,Plant & Machinery,,,,,,,56770.83,,,11/23/2018,120,,62500.00,,,,,,,,,,,,,,,,,,,,,,
Hanley Plant,200267,EXTRUDER/PUG MILL #2,4120,45,Plant & Machinery,,,,,,,56770.83,,,11/23/2018,120,,62500.00,,,,,,,,,,,,,,,,,,,,,,
Hanley Plant,200268,EXTRUDER/PUG MILL #3,4120,45,Plant & Machinery,,,,,,,56770.83,,,11/23/2018,120,,62500.00,,,,,,,,,,,,,,,,,,,,,,
Hanley Plant,200269,EXTRUDER/PUG MILL #4,4120,45,Plant & Machinery,,,,,,,56770.83,,,11/23/2018,120,,62500.00,,,,,,,,,,,,,,,,,,,,,,
Hanley Plant,200287,FLAT SAW THIN BRICK TECENEMA,4120,45,Plant & Machinery,,,,,,,224125.00,,,11/23/2018,132,,244500.00,,,,,,,,,,,,,,,,,,,,,,
Hanley Plant,200290,SPLITTER THIN BRICK,4120,45,Plant & Machinery,,,,,,,224125.00,,,11/23/2018,132,,244500.00,,,,,,,,,,,,,,,,,,,,,,
Hanley Plant,200270,CUTTERS PUSH THRU HARP,4120,45,Plant & Machinery,,,,,,,36944.44,,,11/23/2018,144,,40000.00,,,,,,,,,,,,,,,,,,,,,,
Hanley Plant,200271,CUTTERS SLUG,4120,45,Plant & Machinery,,,,,,,73888.89,,,11/23/2018,144,,80000.00,,,,,,,,,,,,,,,,,,,,,,
Hanley Plant,200272,SPRAY COATING BOOTHS,4120,45,Plant & Machinery,,,,,,,16625.00,,,11/23/2018,144,,18000.00,,,,,,,,,,,,,,,,,,,,,,
Hanley Plant,200273,SPRAY DRYERS,4120,45,Plant & Machinery,,,,,,,13854.17,,,11/23/2018,144,,15000.00,,,,,,,,,,,,,,,,,,,,,,
Hanley Plant,200274,CUTTER SPLIT TILE LINE 4,4120,45,Plant & Machinery,,,,,,,18472.22,,,11/23/2018,144,,20000.00,,,,,,,,,,,,,,,,,,,,,,
Hanley Plant,200275,ROBOT #1 SETTING,4120,45,Plant & Machinery,,,,,,,106215.28,,,11/23/2018,144,,115000.00,,,,,,,,,,,,,,,,,,,,,,
Hanley Plant,200276,ROBOT #2 SETTING,4120,45,Plant & Machinery,,,,,,,106215.28,,,11/23/2018,144,,115000.00,,,,,,,,,,,,,,,,,,,,,,
Hanley Plant,200277,GANTRY SETTING MACHINE,4120,45,Plant & Machinery,,,,,,,9236.11,,,11/23/2018,144,,10000.00,,,,,,,,,,,,,,,,,,,,,,
Hanley Plant,200278,TRANSFER CARS,4120,45,Plant & Machinery,,,,,,,68347.22,,,11/23/2018,144,,74000.00,,,,,,,,,,,,,,,,,,,,,,
Hanley Plant,200281,ROBOT #3 PKG,4120,45,Plant & Machinery,,,,,,,106215.28,,,11/23/2018,144,,115000.00,,,,,,,,,,,,,,,,,,,,,,
Hanley Plant,200282,ROBOT #4 PKG,4120,45,Plant & Machinery,,,,,,,106215.28,,,11/23/2018,144,,115000.00,,,,,,,,,,,,,,,,,,,,,,
Hanley Plant,200283,GANTRY UNLOADING,4120,45,Plant & Machinery,,,,,,,9236.11,,,11/23/2018,144,,10000.00,,,,,,,,,,,,,,,,,,,,,,
Hanley Plant,200284,BLENDING & PACKAGING EQUIP.,4120,45,Plant & Machinery,,,,,,,13854.17,,,11/23/2018,144,,15000.00,,,,,,,,,,,,,,,,,,,,,,
Hanley Plant,200285,MONORAIL,4120,45,Plant & Machinery,,,,,,,143159.72,,,11/23/2018,144,,155000.00,,,,,,,,,,,,,,,,,,,,,,
Hanley Plant,200292,KILN CARS,4120,45,Plant & Machinery,,,,,,,273388.89,,,11/23/2018,144,,296000.00,,,,,,,,,,,,,,,,,,,,,,
Hanley Plant,200294,KILN CAR CLEANING SYSTEM,4120,45,Plant & Machinery,,,,,,,13854.17,,,11/23/2018,144,,15000.00,,,,,,,,,,,,,,,,,,,,,,
Hanley Plant,200295,KILN CONTROLS,4120,45,Plant & Machinery,,,,,,,96979.17,,,11/23/2018,144,,105000.00,,,,,,,,,,,,,,,,,,,,,,
Hanley Plant,200286,SCRUBBER WET,4120,45,Plant & Machinery,,,,,,,565625.00,,,11/23/2018,192,,600000.00,,,,,,,,,,,,,,,,,,,,,,
Hanley Plant,200288,GRINDER THIN BRICK,4120,45,Plant & Machinery,,,,,,,38415.36,,,11/23/2018,192,,40750.00,,,,,,,,,,,,,,,,,,,,,,
Hanley Plant,200279,DRYERS & HOLDING ROOM,4120,45,Plant & Machinery,,,,,,,425575.40,,,11/23/2018,252,,445000.00,,,,,,,,,,,,,,,,,,,,,,
Hanley Plant,200280,KILN CERIC,4120,45,Plant & Machinery,,,,,,,1482341.27,,,11/23/2018,252,,1550000.00,,,,,,,,,,,,,,,,,,,,,,
Hanley Plant,200210,Thin Brick Waste Conveyor,4120,45,Plant & Machinery,,,,,,,39085.96,,,2/1/2019,120,,42255.01,,,,,,,,,,,,,,,,,,,,,,
Hanley Plant,200217,Robot Heads and Wiring Harness,4120,45,Plant & Machinery,,,,,,,46710.50,,,4/1/2019,120,,49604.00,,,,,,,,,,,,,,,,,,,,,,
Hanley Plant,200218,Kiln Car Handling Automation I,4120,45,Plant & Machinery,,,,,,,78138.37,,,4/1/2019,180,,81300.00,,,,,,,,,,,,,,,,,,,,,,
Hanley Plant,200222,Hot Water Pressure Washer,4120,45,Plant & Machinery,,,,,,,11448.09,,,5/1/2019,60,,12719.99,,,,,,,,,,,,,,,,,,,,,,
Hanley Plant,200221,Merrick Material Feeder,4120,45,Plant & Machinery,,,,,,,72264.97,,,5/1/2019,180,,74756.83,,,,,,,,,,,,,,,,,,,,,,
Hanley Plant,200232,Kiln Survey,4120,45,Plant & Machinery,,,,,,,23958.38,,,6/1/2019,120,,25000.00,,,,,,,,,,,,,,,,,,,,,,
Hanley Plant,200233,Cement #1 Pug Area,4120,45,Plant & Machinery,,,,,,,23891.30,,,6/1/2019,120,,24930.00,,,,,,,,,,,,,,,,,,,,,,
Hanley Plant,200234,Kiln Casing Asset Life Extensi,4120,45,Plant & Machinery,,,,,,,524348.50,,,6/1/2019,180,,539329.85,,,,,,,,,,,,,,,,,,,,,,
Hanley Plant,200235,Kiln Car Handling Auto (I),4120,45,Plant & Machinery,,,,,,,118967.52,,,6/1/2019,180,,122366.57,,,,,,,,,,,,,,,,,,,,,,
Hanley Plant,200236,Kiln Exhaust Fan,4120,45,Plant & Machinery,,,,,,,60277.81,,,6/1/2019,180,,62000.00,,,,,,,,,,,,,,,,,,,,,,
Hanley Plant,200243,Scrubber Exhaust Upgrade,4120,45,Plant & Machinery,,,,,,,122527.25,,,6/1/2019,180,,126028.00,,,,,,,,,,,,,,,,,,,,,,
Hanley Plant,200754,Lift Table Motor-IPS Electro M,4120,45,Plant & Machinery,,,,,,,6762.88,,,8/1/2019,24,,7729.00,,,,,,,,,,,,,,,,,,,,,,
Hanley Plant,200755,250HP Pugmill Motor-IPS Electr,4120,45,Plant & Machinery,,,,,,,10364.50,,,8/1/2019,60,,10910.00,,,,,,,,,,,,,,,,,,,,,,
Hanley Plant,200253,Gridning Room Crane,4120,45,Plant & Machinery,,,,,,,82298.93,,,8/1/2019,120,,84409.16,,,,,,,,,,,,,,,,,,,,,,
Hanley Plant,200756,Dehacker Improvement(Blitz Eng,4120,45,Plant & Machinery,,,,,,,34849.78,,,8/1/2019,120,,35743.36,,,,,,,,,,,,,,,,,,,,,,
Hanley Plant,200753,3/4Utility Size Split Tile Di,4120,45,Plant & Machinery,,,,,,,19414.50,,,9/1/2019,24,,22188.00,,,,,,,,,,,,,,,,,,,,,,
Hanley Plant,200772,Z-20 Plastic Strapping System,4120,45,Plant & Machinery,,,,,,,187776.91,,,9/1/2019,180,,189886.76,,,,,,,,,,,,,,,,,,,,,,
Hanley Plant,200783,Drive Cabinet-Air Conditioners,4120,45,Plant & Machinery,,,,,,,25674.13,,,9/25/2019,180,,25817.56,,,,,,,,,,,,,,,,,,,,,,
Hanley Plant,200301,FORKLIFT,4120,60,Mobile Plant,,,,,,,541.67,,,11/23/2018,24,,1000.00,,,,,,,,,,,,,,,,,,,,,,
Hanley Plant,200302,FORKLIFT,4120,60,Mobile Plant,,,,,,,5416.67,,,11/23/2018,24,,10000.00,,,,,,,,,,,,,,,,,,,,,,
Hanley Plant,200308,FORKLIFT,4120,60,Mobile Plant,,,,,,,5416.67,,,11/23/2018,24,,10000.00,,,,,,,,,,,,,,,,,,,,,,
Hanley Plant,200309,FORKLIFT,4120,60,Mobile Plant,,,,,,,5416.67,,,11/23/2018,24,,10000.00,,,,,,,,,,,,,,,,,,,,,,
Hanley Plant,200310,FORKLIFT,4120,60,Mobile Plant,,,,,,,5416.67,,,11/23/2018,24,,10000.00,,,,,,,,,,,,,,,,,,,,,,
Hanley Plant,200311,FORKLIFT,4120,60,Mobile Plant,,,,,,,541.67,,,11/23/2018,24,,1000.00,,,,,,,,,,,,,,,,,,,,,,
Hanley Plant,200312,FORKLIFT,4120,60,Mobile Plant,,,,,,,5416.67,,,11/23/2018,24,,10000.00,,,,,,,,,,,,,,,,,,,,,,
Hanley Plant,200313,FORKLIFT,4120,60,Mobile Plant,,,,,,,5416.67,,,11/23/2018,24,,10000.00,,,,,,,,,,,,,,,,,,,,,,
Hanley Plant,200314,TRUCK DUMP,4120,60,Mobile Plant,,,,,,,6500.00,,,11/23/2018,24,,12000.00,,,,,,,,,,,,,,,,,,,,,,
Hanley Plant,200315,TRUCK DUMP,4120,60,Mobile Plant,,,,,,,13000.00,,,11/23/2018,24,,24000.00,,,,,,,,,,,,,,,,,,,,,,
Hanley Plant,200316,TRUCK FLAT BED,4120,60,Mobile Plant,,,,,,,13541.67,,,11/23/2018,24,,25000.00,,,,,,,,,,,,,,,,,,,,,,
Hanley Plant,200317,TRUCK FLAT BED,4120,60,Mobile Plant,,,,,,,21666.67,,,11/23/2018,24,,40000.00,,,,,,,,,,,,,,,,,,,,,,
Hanley Plant,200318,DOZER,4120,60,Mobile Plant,,,,,,,13541.67,,,11/23/2018,24,,25000.00,,,,,,,,,,,,,,,,,,,,,,
Hanley Plant,200304,FORKLIFT,4120,60,Mobile Plant,,,,,,,7638.89,,,11/23/2018,36,,11000.00,,,,,,,,,,,,,,,,,,,,,,
Hanley Plant,200305,FORKLIFT,4120,60,Mobile Plant,,,,,,,7638.89,,,11/23/2018,36,,11000.00,,,,,,,,,,,,,,,,,,,,,,
Hanley Plant,200306,FORKLIFT,4120,60,Mobile Plant,,,,,,,9250.00,,,11/23/2018,48,,12000.00,,,,,,,,,,,,,,,,,,,,,,
Hanley Plant,200307,FORKLIFT,4120,60,Mobile Plant,,,,,,,9250.00,,,11/23/2018,48,,12000.00,,,,,,,,,,,,,,,,,,,,,,
Hanley Plant,200303,FORKLIFT,4120,60,Mobile Plant,,,,,,,25202.39,,,11/23/2018,84,,29000.00,,,,,,,,,,,,,,,,,,,,,,
Bigler Plant,200673,CORE LAND,4160,10,Land - Freehold,,,,,,,380000.00,,,11/23/2018,0,,380000.00,,,,,,,,,,,,,,,,,,,,,,
Bigler Plant,200674,EXCESS LAND,4160,10,Land - Freehold,,,,,,,410000.00,,,11/23/2018,0,,410000.00,,,,,,,,,,,,,,,,,,,,,,
Bigler Plant,200680,ASPHALTIC PAVING,4160,15,Land - Improvements,,,,,,,20833.33,,,11/23/2018,36,,30000.00,,,,,,,,,,,,,,,,,,,,,,
Bigler Plant,200675,BUILDING 1 MAIN PLANT,4160,40,Buildings,,,,,,,10750.75,,,11/23/2018,12,,129000.00,,,,,,,,,,,,,,,,,,,,,,
Bigler Plant,200676,BUILDING 2 RAW MATERIALS STORA,4160,40,Buildings,,,,,,,1667.41,,,11/23/2018,12,,20000.00,,,,,,,,,,,,,,,,,,,,,,
Bigler Plant,200677,BUILDING 3 BRICK STORANGE SHED,4160,40,Buildings,,,,,,,15277.78,,,11/23/2018,36,,22000.00,,,,,,,,,,,,,,,,,,,,,,
Bigler Plant,200678,BUILDING 4 PREFABRICATED STORA,4160,40,Buildings,,,,,,,5555.56,,,11/23/2018,36,,8000.00,,,,,,,,,,,,,,,,,,,,,,
Bigler Plant,200679,BUILDING 5 OFFICE,4160,40,Buildings,,,,,,,7638.89,,,11/23/2018,36,,11000.00,,,,,,,,,,,,,,,,,,,,,,
Bigler Plant,200197,Vacuum Cleaning System,4160,45,Plant & Machinery,,,,,,,25824.00,,,12/1/2018,120,,28429.98,,,,,,,,,,,,,,,,,,,,,,
Bigler Plant,200785,Monorail Waste Conveyors,4160,45,Plant & Machinery,,,,,,,61017.39,,,9/25/2019,60,,62051.58,,,,,,,,,,,,,,,,,,,,,,
Bigler Plant,200653,TRUCK LIFT,4160,60,Mobile Plant,,,,,,,1950.00,,,11/23/2018,24,,3600.00,,,,,,,,,,,,,,,,,,,,,,
Bigler Plant,200654,TRUCK LIFT,4160,60,Mobile Plant,,,,,,,1841.67,,,11/23/2018,24,,3400.00,,,,,,,,,,,,,,,,,,,,,,
Bigler Plant,200655,TRUCK LIFT,4160,60,Mobile Plant,,,,,,,1841.67,,,11/23/2018,24,,3400.00,,,,,,,,,,,,,,,,,,,,,,
Bigler Plant,200662,TRUCK LIFT,4160,60,Mobile Plant,,,,,,,4333.33,,,11/23/2018,24,,8000.00,,,,,,,,,,,,,,,,,,,,,,
Bigler Plant,200663,LOADER WHEEL,4160,60,Mobile Plant,,,,,,,14625.00,,,11/23/2018,24,,27000.00,,,,,,,,,,,,,,,,,,,,,,
Bigler Plant,200664,LOADER WHEEL,4160,60,Mobile Plant,,,,,,,13541.67,,,11/23/2018,24,,25000.00,,,,,,,,,,,,,,,,,,,,,,
Bigler Plant,200665,TRUCK PICKUP,4160,60,Mobile Plant,,,,,,,5416.67,,,11/23/2018,24,,10000.00,,,,,,,,,,,,,,,,,,,,,,
Bigler Plant,200666,TRUCK PICKUP,4160,60,Mobile Plant,,,,,,,5958.33,,,11/23/2018,24,,11000.00,,,,,,,,,,,,,,,,,,,,,,
Bigler Plant,200669,TRUCK,4160,60,Mobile Plant,,,,,,,15708.33,,,11/23/2018,24,,29000.00,,,,,,,,,,,,,,,,,,,,,,
Bigler Plant,200670,TRUCK,4160,60,Mobile Plant,,,,,,,5145.83,,,11/23/2018,24,,9500.00,,,,,,,,,,,,,,,,,,,,,,
Bigler Plant,200661,TRUCK LIFT,4160,60,Mobile Plant,,,,,,,7322.92,,,11/23/2018,48,,9500.00,,,,,,,,,,,,,,,,,,,,,,
Bigler Plant,200656,TRUCK LIFT,4160,60,Mobile Plant,,,,,,,44916.67,,,11/23/2018,60,,55000.00,,,,,,,,,,,,,,,,,,,,,,
Bigler Plant,200671,LOADER SKID STEER,4160,60,Mobile Plant,,,,,,,17966.67,,,11/23/2018,60,,22000.00,,,,,,,,,,,,,,,,,,,,,,
Bigler Plant,200657,TRUCK LIFT,4160,60,Mobile Plant,,,,,,,15673.61,,,11/23/2018,72,,18500.00,,,,,,,,,,,,,,,,,,,,,,
Bigler Plant,200659,TRUCK LIFT,4160,60,Mobile Plant,,,,,,,26071.42,,,11/23/2018,84,,30000.00,,,,,,,,,,,,,,,,,,,,,,
Bigler Plant,200672,MAN LIFT,4160,60,Mobile Plant,,,,,,,24333.33,,,11/23/2018,84,,28000.00,,,,,,,,,,,,,,,,,,,,,,
Bigler Plant,200658,TRUCK LIFT,4160,60,Mobile Plant,,,,,,,27447.92,,,11/23/2018,96,,31000.00,,,,,,,,,,,,,,,,,,,,,,
Bigler Plant,200660,TRUCK LIFT,4160,60,Mobile Plant,,,,,,,33231.48,,,11/23/2018,108,,37000.00,,,,,,,,,,,,,,,,,,,,,,
Bigler Plant,200667,SWEEPER,4160,60,Mobile Plant,,,,,,,4490.74,,,11/23/2018,108,,5000.00,,,,,,,,,,,,,,,,,,,,,,
Bigler Plant,200668,SWEEPER,4160,60,Mobile Plant,,,,,,,4490.74,,,11/23/2018,108,,5000.00,,,,,,,,,,,,,,,,,,,,,,
Name Brick Plant,200696,PLOTTERS & SOFTWARE UPGRADE NB,4180,70,Office Equipment,,,,,,,7286.33,,,11/23/2018,36,,10492.32,,,,,,,,,,,,,,,,,,,,,,
Capitol Plant,200203,Roof- Asset Life Extension,4200,40,Buildings,,,,,,,30734.88,,,1/1/2019,48,,35122.00,,,,,,,,,,,,,,,,,,,,,,
Capitol Plant,200202,Metric Brick,4200,45,Plant & Machinery,,,,,,,31051.25,,,1/1/2019,48,,35483.53,,,,,,,,,,,,,,,,,,,,,,
Capitol Plant,200204,Kiln Transfer Tracks,4200,45,Plant & Machinery,,,,,,,22892.21,,,1/1/2019,48,,26159.82,,,,,,,,,,,,,,,,,,,,,,
Capitol Plant,200631,FORKLIFT,4200,60,Mobile Plant,,,,,,,4875.00,,,11/23/2018,24,,9000.00,,,,,,,,,,,,,,,,,,,,,,
Capitol Plant,200632,FORKLIFT,4200,60,Mobile Plant,,,,,,,4875.00,,,11/23/2018,24,,9000.00,,,,,,,,,,,,,,,,,,,,,,
Capitol Plant,200633,KOEHRING 1300D,4200,60,Mobile Plant,,,,,,,3385.42,,,11/23/2018,24,,6250.00,,,,,,,,,,,,,,,,,,,,,,
Capitol Plant,200634,FORKLIFT,4200,60,Mobile Plant,,,,,,,7041.67,,,11/23/2018,24,,13000.00,,,,,,,,,,,,,,,,,,,,,,
Capitol Plant,200635,LOADER WHEEL,4200,60,Mobile Plant,,,,,,,13541.67,,,11/23/2018,24,,25000.00,,,,,,,,,,,,,,,,,,,,,,
Capitol Plant,200636,LOADER END,4200,60,Mobile Plant,,,,,,,35208.33,,,11/23/2018,24,,65000.00,,,,,,,,,,,,,,,,,,,,,,
Capitol Plant,200637,TRUCK PICKUP,4200,60,Mobile Plant,,,,,,,1300.00,,,11/23/2018,24,,2400.00,,,,,,,,,,,,,,,,,,,,,,
Capitol Plant,200638,TRUCK LIFT,4200,60,Mobile Plant,,,,,,,5416.67,,,11/23/2018,24,,10000.00,,,,,,,,,,,,,,,,,,,,,,
Capitol Plant,200639,TRUCK LIFT,4200,60,Mobile Plant,,,,,,,5416.67,,,11/23/2018,24,,10000.00,,,,,,,,,,,,,,,,,,,,,,
Capitol Plant,200640,TRUCK LIFT,4200,60,Mobile Plant,,,,,,,5416.67,,,11/23/2018,24,,10000.00,,,,,,,,,,,,,,,,,,,,,,
Capitol Plant,200641,FORKLIFT,4200,60,Mobile Plant,,,,,,,7583.33,,,11/23/2018,24,,14000.00,,,,,,,,,,,,,,,,,,,,,,
Capitol Plant,200644,FORKLIFT,4200,60,Mobile Plant,,,,,,,541.67,,,11/23/2018,24,,1000.00,,,,,,,,,,,,,,,,,,,,,,
Capitol Plant,200642,LOADER SKID STEER,4200,60,Mobile Plant,,,,,,,13194.44,,,11/23/2018,36,,19000.00,,,,,,,,,,,,,,,,,,,,,,
Capitol Plant,200643,FORKLIFT,4200,60,Mobile Plant,,,,,,,24500.00,,,11/23/2018,60,,30000.00,,,,,,,,,,,,,,,,,,,,,,
Mid-Atlantic Plant,200472,CORE LAND,4250,10,Land - Freehold,,,,,,,500000.00,,,11/23/2018,0,,500000.00,,,,,,,,,,,,,,,,,,,,,,
Mid-Atlantic Plant,200473,AGRICULTURAL/QUARRY LAND,4250,10,Land - Freehold,,,,,,,2570000.00,,,11/23/2018,0,,2570000.00,,,,,,,,,,,,,,,,,,,,,,
Mid-Atlantic Plant,200481,PARKING SPACES,4250,15,Land - Improvements,,,,,,,20833.33,,,11/23/2018,36,,30000.00,,,,,,,,,,,,,,,,,,,,,,
Mid-Atlantic Plant,200482,PAVING ASPHALT,4250,15,Land - Improvements,,,,,,,55555.56,,,11/23/2018,36,,80000.00,,,,,,,,,,,,,,,,,,,,,,
Mid-Atlantic Plant,200476,BUILDING 3 STORAGE SHED #1,4250,40,Buildings,,,,,,,190750.00,,,11/23/2018,120,,210000.00,,,,,,,,,,,,,,,,,,,,,,
Mid-Atlantic Plant,200477,BUILDING 4 STORAGE SHED #2,4250,40,Buildings,,,,,,,84475.00,,,11/23/2018,120,,93000.00,,,,,,,,,,,,,,,,,,,,,,
Mid-Atlantic Plant,200478,BUILDING 5 STORAGE SHED #3,4250,40,Buildings,,,,,,,81750.00,,,11/23/2018,120,,90000.00,,,,,,,,,,,,,,,,,,,,,,
Mid-Atlantic Plant,200474,BUILDING 1 MAIN PLANT,4250,40,Buildings,,,,,,,1425233.33,,,11/23/2018,180,,1518000.00,,,,,,,,,,,,,,,,,,,,,,
Mid-Atlantic Plant,200475,BUILDING 2 WAREHOUSE,4250,40,Buildings,,,,,,,1639300.00,,,11/23/2018,180,,1746000.00,,,,,,,,,,,,,,,,,,,,,,
Mid-Atlantic Plant,200479,BUILDING 6 TCHNCL SRVCS OFFICE,4250,40,Buildings,,,,,,,277911.11,,,11/23/2018,180,,296000.00,,,,,,,,,,,,,,,,,,,,,,
Mid-Atlantic Plant,200480,BUILDING 7 CRPRT SALES OFFICE,4250,40,Buildings,,,,,,,217541.66,,,11/23/2018,264,,227000.00,,,,,,,,,,,,,,,,,,,,,,
Mid-Atlantic Plant,200758,Building Cladding Asset Life E,4250,40,Buildings,,,,,,,39157.81,,,8/1/2019,240,,39653.48,,,,,,,,,,,,,,,,,,,,,,
Mid-Atlantic Plant,200425,MIXER SHAPES,4250,45,Plant & Machinery,,,,,,,7583.33,,,11/23/2018,24,,14000.00,,,,,,,,,,,,,,,,,,,,,,
Mid-Atlantic Plant,200439,LAB EQUIPMENT,4250,45,Plant & Machinery,,,,,,,8125.00,,,11/23/2018,24,,15000.00,,,,,,,,,,,,,,,,,,,,,,
Mid-Atlantic Plant,200440,MAINT. MACHINE SHOP EQUIP.,4250,45,Plant & Machinery,,,,,,,8125.00,,,11/23/2018,24,,15000.00,,,,,,,,,,,,,,,,,,,,,,
Mid-Atlantic Plant,200429,TUMBLED BRICK DEPARTMENT,4250,45,Plant & Machinery,,,,,,,131319.44,,,11/23/2018,72,,155000.00,,,,,,,,,,,,,,,,,,,,,,
Mid-Atlantic Plant,200427,SAW THIN BRICK,4250,45,Plant & Machinery,,,,,,,295476.19,,,11/23/2018,84,,340000.00,,,,,,,,,,,,,,,,,,,,,,
Mid-Atlantic Plant,200406,CRUSHER PRIMARY,4250,45,Plant & Machinery,,,,,,,115267.50,,,11/23/2018,120,,126900.00,,,,,,,,,,,,,,,,,,,,,,
Mid-Atlantic Plant,200407,GRINDER PAN #1,4250,45,Plant & Machinery,,,,,,,29430.00,,,11/23/2018,120,,32400.00,,,,,,,,,,,,,,,,,,,,,,
Mid-Atlantic Plant,200408,GRINDER PAN #2,4250,45,Plant & Machinery,,,,,,,29430.00,,,11/23/2018,120,,32400.00,,,,,,,,,,,,,,,,,,,,,,
Mid-Atlantic Plant,200409,CONVEYORS & FEEDERS GRINDING,4250,45,Plant & Machinery,,,,,,,64491.67,,,11/23/2018,120,,71000.00,,,,,,,,,,,,,,,,,,,,,,
Mid-Atlantic Plant,200410,BINS CLAY STORAGE,4250,45,Plant & Machinery,,,,,,,16122.92,,,11/23/2018,120,,17750.00,,,,,,,,,,,,,,,,,,,,,,
Mid-Atlantic Plant,200411,SCREEN BANKS,4250,45,Plant & Machinery,,,,,,,64491.67,,,11/23/2018,120,,71000.00,,,,,,,,,,,,,,,,,,,,,,
Mid-Atlantic Plant,200412,WEIGH FEEDER,4250,45,Plant & Machinery,,,,,,,3224.58,,,11/23/2018,120,,3550.00,,,,,,,,,,,,,,,,,,,,,,
Mid-Atlantic Plant,200413,DUST COLLECTION SYSTEM,4250,45,Plant & Machinery,,,,,,,36333.33,,,11/23/2018,120,,40000.00,,,,,,,,,,,,,,,,,,,,,,
Mid-Atlantic Plant,200414,KILN BICKLEY,4250,45,Plant & Machinery,,,,,,,436000.00,,,11/23/2018,120,,480000.00,,,,,,,,,,,,,,,,,,,,,,
Mid-Atlantic Plant,200415,DRYERS PROCTOR,4250,45,Plant & Machinery,,,,,,,65854.17,,,11/23/2018,120,,72500.00,,,,,,,,,,,,,,,,,,,,,,
Mid-Atlantic Plant,200416,DRYERS & HOLDING ROOM,4250,45,Plant & Machinery,,,,,,,65854.17,,,11/23/2018,120,,72500.00,,,,,,,,,,,,,,,,,,,,,,
Mid-Atlantic Plant,200417,EXTRUDER/PUG MILL #1,4250,45,Plant & Machinery,,,,,,,145333.33,,,11/23/2018,120,,160000.00,,,,,,,,,,,,,,,,,,,,,,
Mid-Atlantic Plant,200418,MOLDED BRICK MACHINE #1,4250,45,Plant & Machinery,,,,,,,42691.67,,,11/23/2018,120,,47000.00,,,,,,,,,,,,,,,,,,,,,,
Mid-Atlantic Plant,200419,MOLDED BRICK MACHINE #2,4250,45,Plant & Machinery,,,,,,,42691.67,,,11/23/2018,120,,47000.00,,,,,,,,,,,,,,,,,,,,,,
Mid-Atlantic Plant,200420,SETTING MACHINE #1,4250,45,Plant & Machinery,,,,,,,345166.67,,,11/23/2018,120,,380000.00,,,,,,,,,,,,,,,,,,,,,,
Mid-Atlantic Plant,200421,SETTING MACHINE #2,4250,45,Plant & Machinery,,,,,,,345166.67,,,11/23/2018,120,,380000.00,,,,,,,,,,,,,,,,,,,,,,
Mid-Atlantic Plant,200422,MONORAIL #1,4250,45,Plant & Machinery,,,,,,,140791.67,,,11/23/2018,120,,155000.00,,,,,,,,,,,,,,,,,,,,,,
Mid-Atlantic Plant,200430,KILN CARS,4250,45,Plant & Machinery,,,,,,,105366.67,,,11/23/2018,120,,116000.00,,,,,,,,,,,,,,,,,,,,,,
Mid-Atlantic Plant,200431,TRANSFER CARS,4250,45,Plant & Machinery,,,,,,,26341.67,,,11/23/2018,120,,29000.00,,,,,,,,,,,,,,,,,,,,,,
Mid-Atlantic Plant,200432,KILN CAR CLEANING SYSTEM,4250,45,Plant & Machinery,,,,,,,13625.00,,,11/23/2018,120,,15000.00,,,,,,,,,,,,,,,,,,,,,,
Mid-Atlantic Plant,200433,KILN CONTROLS,4250,45,Plant & Machinery,,,,,,,27250.00,,,11/23/2018,120,,30000.00,,,,,,,,,,,,,,,,,,,,,,
Mid-Atlantic Plant,200434,COMPRESSOR AIR,4250,45,Plant & Machinery,,,,,,,7266.67,,,11/23/2018,120,,8000.00,,,,,,,,,,,,,,,,,,,,,,
Mid-Atlantic Plant,200424,KILN SHAPES,4250,45,Plant & Machinery,,,,,,,74761.91,,,11/23/2018,168,,80000.00,,,,,,,,,,,,,,,,,,,,,,
Mid-Atlantic Plant,200426,DRYER SHAPES,4250,45,Plant & Machinery,,,,,,,22428.58,,,11/23/2018,168,,24000.00,,,,,,,,,,,,,,,,,,,,,,
Mid-Atlantic Plant,200435,COMPRESSOR AIR,4250,45,Plant & Machinery,,,,,,,9345.24,,,11/23/2018,168,,10000.00,,,,,,,,,,,,,,,,,,,,,,
Mid-Atlantic Plant,200437,COMPRESSOR AIR,4250,45,Plant & Machinery,,,,,,,9345.24,,,11/23/2018,168,,10000.00,,,,,,,,,,,,,,,,,,,,,,
Mid-Atlantic Plant,200423,SCRUBBER DLA,4250,45,Plant & Machinery,,,,,,,920111.11,,,11/23/2018,180,,980000.00,,,,,,,,,,,,,,,,,,,,,,
Mid-Atlantic Plant,200436,COMPRESSOR AIR,4250,45,Plant & Machinery,,,,,,,9388.89,,,11/23/2018,180,,10000.00,,,,,,,,,,,,,,,,,,,,,,
Mid-Atlantic Plant,200438,COMPRESSOR AIR,4250,45,Plant & Machinery,,,,,,,9388.89,,,11/23/2018,180,,10000.00,,,,,,,,,,,,,,,,,,,,,,
Mid-Atlantic Plant,200428,GRINDER THIN BRICK,4250,45,Plant & Machinery,,,,,,,233179.83,,,11/23/2018,228,,245000.00,,,,,,,,,,,,,,,,,,,,,,
Mid-Atlantic Plant,200213,Dryer Recirculation Fan System,4250,45,Plant & Machinery,,,,,,,99062.49,,,3/1/2019,180,,103670.00,,,,,,,,,,,,,,,,,,,,,,
Mid-Atlantic Plant,200219,Dryer Penthouse Ductwork & Ele,4250,45,Plant & Machinery,,,,,,,128643.74,,,4/1/2019,180,,133848.93,,,,,,,,,,,,,,,,,,,,,,
Mid-Atlantic Plant,200237,Extruder Setter Safety,4250,45,Plant & Machinery,,,,,,,59432.33,,,6/1/2019,180,,61130.37,,,,,,,,,,,,,,,,,,,,,,
Mid-Atlantic Plant,200757,Tunnlel Kiln PLC Upgrades,4250,45,Plant & Machinery,,,,,,,142573.21,,,8/1/2019,180,,144989.71,,,,,,,,,,,,,,,,,,,,,,
Mid-Atlantic Plant,200784,Addtive Feeder- Test Brick,4250,45,Plant & Machinery,,,,,,,15972.53,,,9/25/2019,120,,16106.75,,,,,,,,,,,,,,,,,,,,,,
Mid-Atlantic Plant,200441,TRUCK LIFT,4250,60,Mobile Plant,,,,,,,5416.67,,,11/23/2018,24,,10000.00,,,,,,,,,,,,,,,,,,,,,,
Mid-Atlantic Plant,200442,TRUCK LIFT,4250,60,Mobile Plant,,,,,,,5416.67,,,11/23/2018,24,,10000.00,,,,,,,,,,,,,,,,,,,,,,
Mid-Atlantic Plant,200444,TRUCK LIFT,4250,60,Mobile Plant,,,,,,,5958.33,,,11/23/2018,24,,11000.00,,,,,,,,,,,,,,,,,,,,,,
Mid-Atlantic Plant,200445,TRUCK LIFT,4250,60,Mobile Plant,,,,,,,4875.00,,,11/23/2018,24,,9000.00,,,,,,,,,,,,,,,,,,,,,,
Mid-Atlantic Plant,200447,TRUCK LIFT,4250,60,Mobile Plant,,,,,,,4875.00,,,11/23/2018,24,,9000.00,,,,,,,,,,,,,,,,,,,,,,
Mid-Atlantic Plant,200448,SWEEPER,4250,60,Mobile Plant,,,,,,,4062.50,,,11/23/2018,24,,7500.00,,,,,,,,,,,,,,,,,,,,,,
Mid-Atlantic Plant,200449,LOADER,4250,60,Mobile Plant,,,,,,,5281.25,,,11/23/2018,24,,9750.00,,,,,,,,,,,,,,,,,,,,,,
Mid-Atlantic Plant,200450,LOADER,4250,60,Mobile Plant,,,,,,,5958.33,,,11/23/2018,24,,11000.00,,,,,,,,,,,,,,,,,,,,,,
Mid-Atlantic Plant,200451,LOADER,4250,60,Mobile Plant,,,,,,,31145.83,,,11/23/2018,24,,57500.00,,,,,,,,,,,,,,,,,,,,,,
Mid-Atlantic Plant,200452,TRUCK DUMP,4250,60,Mobile Plant,,,,,,,11375.00,,,11/23/2018,24,,21000.00,,,,,,,,,,,,,,,,,,,,,,
Mid-Atlantic Plant,200453,TRUCK DUMP,4250,60,Mobile Plant,,,,,,,10562.50,,,11/23/2018,24,,19500.00,,,,,,,,,,,,,,,,,,,,,,
Mid-Atlantic Plant,200454,TRUCK DUMP,4250,60,Mobile Plant,,,,,,,13000.00,,,11/23/2018,24,,24000.00,,,,,,,,,,,,,,,,,,,,,,
Mid-Atlantic Plant,200455,TRUCK WATER,4250,60,Mobile Plant,,,,,,,5145.83,,,11/23/2018,24,,9500.00,,,,,,,,,,,,,,,,,,,,,,
Mid-Atlantic Plant,200456,TRUCK PICKUP,4250,60,Mobile Plant,,,,,,,1300.00,,,11/23/2018,24,,2400.00,,,,,,,,,,,,,,,,,,,,,,
Mid-Atlantic Plant,200462,TRUCK PICKUP,4250,60,Mobile Plant,,,,,,,6500.00,,,11/23/2018,24,,12000.00,,,,,,,,,,,,,,,,,,,,,,
Mid-Atlantic Plant,200443,BOOM LIFT,4250,60,Mobile Plant,,,,,,,17361.11,,,11/23/2018,36,,25000.00,,,,,,,,,,,,,,,,,,,,,,
Mid-Atlantic Plant,200446,TRUCK LIFT,4250,60,Mobile Plant,,,,,,,6944.44,,,11/23/2018,36,,10000.00,,,,,,,,,,,,,,,,,,,,,,
Mid-Atlantic Plant,200457,TRUCK DUMP,4250,60,Mobile Plant,,,,,,,18750.00,,,11/23/2018,36,,27000.00,,,,,,,,,,,,,,,,,,,,,,
Mid-Atlantic Plant,200458,LOADER,4250,60,Mobile Plant,,,,,,,41666.67,,,11/23/2018,36,,60000.00,,,,,,,,,,,,,,,,,,,,,,
Mid-Atlantic Plant,200459,TRUCK LIFT,4250,60,Mobile Plant,,,,,,,7986.11,,,11/23/2018,36,,11500.00,,,,,,,,,,,,,,,,,,,,,,
Mid-Atlantic Plant,200460,TRUCK LIFT,4250,60,Mobile Plant,,,,,,,7986.11,,,11/23/2018,36,,11500.00,,,,,,,,,,,,,,,,,,,,,,
Mid-Atlantic Plant,200461,TRUCK LIFT,4250,60,Mobile Plant,,,,,,,7986.11,,,11/23/2018,36,,11500.00,,,,,,,,,,,,,,,,,,,,,,
Mid-Atlantic Plant,200463,TRUCK LIFT,4250,60,Mobile Plant,,,,,,,19270.83,,,11/23/2018,48,,25000.00,,,,,,,,,,,,,,,,,,,,,,
Mid-Atlantic Plant,200464,TRUCK LIFT,4250,60,Mobile Plant,,,,,,,19270.83,,,11/23/2018,48,,25000.00,,,,,,,,,,,,,,,,,,,,,,
Mid-Atlantic Plant,200465,TRUCK LIFT,4250,60,Mobile Plant,,,,,,,10616.67,,,11/23/2018,60,,13000.00,,,,,,,,,,,,,,,,,,,,,,
Mid-Atlantic Plant,200466,TRUCK DUMP,4250,60,Mobile Plant,,,,,,,69416.67,,,11/23/2018,60,,85000.00,,,,,,,,,,,,,,,,,,,,,,
Mid-Atlantic Plant,200467,SWEEPER,4250,60,Mobile Plant,,,,,,,19600.00,,,11/23/2018,60,,24000.00,,,,,,,,,,,,,,,,,,,,,,
Mid-Atlantic Plant,200468,TRUCK LIFT,4250,60,Mobile Plant,,,,,,,49000.00,,,11/23/2018,60,,60000.00,,,,,,,,,,,,,,,,,,,,,,
Mid-Atlantic Plant,200469,TRUCK LIFT,4250,60,Mobile Plant,,,,,,,39200.00,,,11/23/2018,60,,48000.00,,,,,,,,,,,,,,,,,,,,,,
Mid-Atlantic Plant,200470,TRUCK LIFT,4250,60,Mobile Plant,,,,,,,20857.14,,,11/23/2018,84,,24000.00,,,,,,,,,,,,,,,,,,,,,,
Mid-Atlantic Plant,200471,TRUCK LIFT,4250,60,Mobile Plant,,,,,,,20857.14,,,11/23/2018,84,,24000.00,,,,,,,,,,,,,,,,,,,,,,
Iberia Plant,200378,CORE LAND,4300,10,Land - Freehold,,,,,,,350000.00,,,11/23/2018,0,,350000.00,,,,,,,,,,,,,,,,,,,,,,
Iberia Plant,200379,QUARRY,4300,10,Land - Freehold,,,,,,,1490000.00,,,11/23/2018,0,,1490000.00,,,,,,,,,,,,,,,,,,,,,,
Iberia Plant,200382,PARKING SPACES,4300,15,Land - Improvements,,,,,,,8166.67,,,11/23/2018,60,,10000.00,,,,,,,,,,,,,,,,,,,,,,
Iberia Plant,200381,BUILDING 2 MATERIALS STORAGE,4300,40,Buildings,,,,,,,192472.22,,,11/23/2018,180,,205000.00,,,,,,,,,,,,,,,,,,,,,,
Iberia Plant,200380,BUILDING 1 MAIN PLANT,4300,40,Buildings,,,,,,,1836770.83,,,11/23/2018,240,,1925000.00,,,,,,,,,,,,,,,,,,,,,,
Iberia Plant,200364,LAB EQUIPMENT,4300,45,Plant & Machinery,,,,,,,2708.33,,,11/23/2018,24,,5000.00,,,,,,,,,,,,,,,,,,,,,,
Iberia Plant,200365,MAINT. MACHINE SHOP EQUIP.,4300,45,Plant & Machinery,,,,,,,8125.00,,,11/23/2018,24,,15000.00,,,,,,,,,,,,,,,,,,,,,,
Iberia Plant,200363,COMPRESSOR AIR,4300,45,Plant & Machinery,,,,,,,22916.67,,,11/23/2018,132,,25000.00,,,,,,,,,,,,,,,,,,,,,,
Iberia Plant,200345,IMPACTOR,4300,45,Plant & Machinery,,,,,,,52368.75,,,11/23/2018,144,,56700.00,,,,,,,,,,,,,,,,,,,,,,
Iberia Plant,200346,CONVEYORS & FEEDERS GRINDING,4300,45,Plant & Machinery,,,,,,,130229.17,,,11/23/2018,144,,141000.00,,,,,,,,,,,,,,,,,,,,,,
Iberia Plant,200347,BINS CLAY STORAGE,4300,45,Plant & Machinery,,,,,,,32557.30,,,11/23/2018,144,,35250.00,,,,,,,,,,,,,,,,,,,,,,
Iberia Plant,200348,SCREEN BANKS,4300,45,Plant & Machinery,,,,,,,130229.17,,,11/23/2018,144,,141000.00,,,,,,,,,,,,,,,,,,,,,,
Iberia Plant,200349,WEIGH FEEDER,4300,45,Plant & Machinery,,,,,,,6511.46,,,11/23/2018,144,,7050.00,,,,,,,,,,,,,,,,,,,,,,
Iberia Plant,200350,DUST COLLECTION SYSTEM,4300,45,Plant & Machinery,,,,,,,36944.44,,,11/23/2018,144,,40000.00,,,,,,,,,,,,,,,,,,,,,,
Iberia Plant,200352,SOFT MUD MOLDED MACHINE,4300,45,Plant & Machinery,,,,,,,64652.78,,,11/23/2018,144,,70000.00,,,,,,,,,,,,,,,,,,,,,,
Iberia Plant,200353,CUTTERS,4300,45,Plant & Machinery,,,,,,,12930.56,,,11/23/2018,144,,14000.00,,,,,,,,,,,,,,,,,,,,,,
Iberia Plant,200354,DRYERS & HOLDING ROOM,4300,45,Plant & Machinery,,,,,,,170868.06,,,11/23/2018,144,,185000.00,,,,,,,,,,,,,,,,,,,,,,
Iberia Plant,200355,SETTING MACHINE,4300,45,Plant & Machinery,,,,,,,350972.22,,,11/23/2018,144,,380000.00,,,,,,,,,,,,,,,,,,,,,,
Iberia Plant,200356,TRANSFER CARS,4300,45,Plant & Machinery,,,,,,,37868.06,,,11/23/2018,144,,41000.00,,,,,,,,,,,,,,,,,,,,,,
Iberia Plant,200357,KILN CARS,4300,45,Plant & Machinery,,,,,,,151472.22,,,11/23/2018,144,,164000.00,,,,,,,,,,,,,,,,,,,,,,
Iberia Plant,200358,KILN,4300,45,Plant & Machinery,,,,,,,572638.89,,,11/23/2018,144,,620000.00,,,,,,,,,,,,,,,,,,,,,,
Iberia Plant,200359,MONORAIL,4300,45,Plant & Machinery,,,,,,,143159.72,,,11/23/2018,144,,155000.00,,,,,,,,,,,,,,,,,,,,,,
Iberia Plant,200361,KILN CAR CLEANING SYSTEM,4300,45,Plant & Machinery,,,,,,,9236.11,,,11/23/2018,144,,10000.00,,,,,,,,,,,,,,,,,,,,,,
Iberia Plant,200362,KILN CONTROLS,4300,45,Plant & Machinery,,,,,,,18472.22,,,11/23/2018,144,,20000.00,,,,,,,,,,,,,,,,,,,,,,
Iberia Plant,200344,CRUSHER PRIMARY,4300,45,Plant & Machinery,,,,,,,304200.00,,,11/23/2018,180,,324000.00,,,,,,,,,,,,,,,,,,,,,,
Iberia Plant,200360,SCRUBBER DLA,4300,45,Plant & Machinery,,,,,,,360648.14,,,11/23/2018,216,,380000.00,,,,,,,,,,,,,,,,,,,,,,
Iberia Plant,200351,EXTRUDER/PUG MILL #2,4300,45,Plant & Machinery,,,,,,,605000.00,,,11/23/2018,300,,605000.00,,,,,,,,,,,,,,,,,,,,,,
Iberia Plant,200200,Grinding Room Chain & Shaft,4300,45,Plant & Machinery,,,,,,,31508.33,,,1/1/2019,120,,34372.63,,,,,,,,,,,,,,,,,,,,,,
Iberia Plant,200211,Stedman Crusher Asset Life Ext,4300,45,Plant & Machinery,,,,,,,65219.43,,,2/1/2019,120,,70507.41,,,,,,,,,,,,,,,,,,,,,,
Iberia Plant,200239,Air Conditioning Unit- Kiln Of,4300,45,Plant & Machinery,,,,,,,9308.83,,,6/1/2019,60,,10155.00,,,,,,,,,,,,,,,,,,,,,,
Iberia Plant,200238,Light Curtains Pkg Crane Area,4300,45,Plant & Machinery,,,,,,,13905.68,,,6/1/2019,120,,14510.23,,,,,,,,,,,,,,,,,,,,,,
Iberia Plant,200759,Duct Collector Air Lock,4300,45,Plant & Machinery,,,,,,,3521.56,,,8/1/2019,24,,4024.65,,,,,,,,,,,,,,,,,,,,,,
Iberia Plant,200786,Screen Heating Upgrade,4300,45,Plant & Machinery,,,,,,,8973.65,,,9/25/2019,60,,9125.75,,,,,,,,,,,,,,,,,,,,,,
Iberia Plant,200790,(6) Dryer Cars & Trays,4300,45,Plant & Machinery,,,,,,,81976.29,,,9/25/2019,120,,82665.18,,,,,,,,,,,,,,,,,,,,,,
Iberia Plant,200366,TOWMOTOR,4300,60,Mobile Plant,,,,,,,6500.00,,,11/23/2018,24,,12000.00,,,,,,,,,,,,,,,,,,,,,,
Iberia Plant,200367,TOWMOTOR,4300,60,Mobile Plant,,,,,,,6500.00,,,11/23/2018,24,,12000.00,,,,,,,,,,,,,,,,,,,,,,
Iberia Plant,200368,LOADER,4300,60,Mobile Plant,,,,,,,6770.83,,,11/23/2018,24,,12500.00,,,,,,,,,,,,,,,,,,,,,,
Iberia Plant,200369,SWEEPER,4300,60,Mobile Plant,,,,,,,2708.33,,,11/23/2018,24,,5000.00,,,,,,,,,,,,,,,,,,,,,,
Iberia Plant,200370,TOWMOTOR,4300,60,Mobile Plant,,,,,,,7041.67,,,11/23/2018,24,,13000.00,,,,,,,,,,,,,,,,,,,,,,
Iberia Plant,200371,TOWMOTOR,4300,60,Mobile Plant,,,,,,,6770.83,,,11/23/2018,24,,12500.00,,,,,,,,,,,,,,,,,,,,,,
Iberia Plant,200372,TOWMOTOR,4300,60,Mobile Plant,,,,,,,8125.00,,,11/23/2018,24,,15000.00,,,,,,,,,,,,,,,,,,,,,,
Iberia Plant,200373,MAN LIFT,4300,60,Mobile Plant,,,,,,,1625.00,,,11/23/2018,24,,3000.00,,,,,,,,,,,,,,,,,,,,,,
Iberia Plant,200374,FORKLIFT,4300,60,Mobile Plant,,,,,,,6944.44,,,11/23/2018,36,,10000.00,,,,,,,,,,,,,,,,,,,,,,
Iberia Plant,200375,LOADER,4300,60,Mobile Plant,,,,,,,131041.67,,,11/23/2018,48,,170000.00,,,,,,,,,,,,,,,,,,,,,,
Iberia Plant,200376,FORKLIFT,4300,60,Mobile Plant,,,,,,,12250.00,,,11/23/2018,60,,15000.00,,,,,,,,,,,,,,,,,,,,,,
Iberia Plant,200377,FORKLIFT,4300,60,Mobile Plant,,,,,,,22595.24,,,11/23/2018,84,,26000.00,,,,,,,,,,,,,,,,,,,,,,
Iberia Plant,200248,2019 CAT 972M FEL,4300,60,Mobile Plant,,,,,,,367221.95,,,7/1/2019,84,,385583.00,,,,,,,,,,,,,,,,,,,,,,
Iberia Plant,200760,'07 MCF DP70 Fklt Engine Asset,4300,60,Mobile Plant,,,,,,,7941.74,,,8/1/2019,36,,8663.72,,,,,,,,,,,,,,,,,,,,,,
Caledonia Plant,200687,CORE LAND,4320,10,Land - Freehold,,,,,,,640000.00,,,11/23/2018,0,,640000.00,,,,,,,,,,,,,,,,,,,,,,
Caledonia Plant,200695,PARKING SPACES,4320,15,Land - Improvements,,,,,,,834.10,,,11/23/2018,12,,10000.00,,,,,,,,,,,,,,,,,,,,,,
Caledonia Plant,200688,BUILDING 1 MAIN PLANT,4320,40,Buildings,,,,,,,7000.75,,,11/23/2018,12,,84000.00,,,,,,,,,,,,,,,,,,,,,,
Caledonia Plant,200689,BUILDING 2 STORAGE SHED,4320,40,Buildings,,,,,,,834.10,,,11/23/2018,12,,10000.00,,,,,,,,,,,,,,,,,,,,,,
Caledonia Plant,200690,BUILDING 3 STORAGE SHED,4320,40,Buildings,,,,,,,334.10,,,11/23/2018,12,,4000.00,,,,,,,,,,,,,,,,,,,,,,
Caledonia Plant,200691,BUILDING 4 STORAGE SHED,4320,40,Buildings,,,,,,,334.10,,,11/23/2018,12,,4000.00,,,,,,,,,,,,,,,,,,,,,,
Caledonia Plant,200692,BUILDING 5 STORAGE SHED,4320,40,Buildings,,,,,,,167.41,,,11/23/2018,12,,2000.00,,,,,,,,,,,,,,,,,,,,,,
Caledonia Plant,200693,BUILDING 6 STORAGE SHED,4320,40,Buildings,,,,,,,167.41,,,11/23/2018,12,,2000.00,,,,,,,,,,,,,,,,,,,,,,
Caledonia Plant,200694,BUILDING 7 OFFICE,4320,40,Buildings,,,,,,,334.10,,,11/23/2018,12,,4000.00,,,,,,,,,,,,,,,,,,,,,,
Caledonia Plant,200214,Roof- Asset Life Addition,4320,40,Buildings,,,,,,,51945.89,,,3/1/2019,60,,59937.42,,,,,,,,,,,,,,,,,,,,,,
Caledonia Plant,200201,PLC/Weigh Scales- Extr & Grind,4320,45,Plant & Machinery,,,,,,,53902.76,,,1/1/2019,60,,64683.12,,,,,,,,,,,,,,,,,,,,,,
Caledonia Plant,200223,Kiln Gas Train Safety Upg,4320,45,Plant & Machinery,,,,,,,43442.47,,,5/1/2019,60,,48269.31,,,,,,,,,,,,,,,,,,,,,,
Caledonia Plant,200224,Extruder Pugmill Shaft,4320,45,Plant & Machinery,,,,,,,69967.82,,,5/1/2019,60,,77741.92,,,,,,,,,,,,,,,,,,,,,,
Caledonia Plant,200606,FORKLIFT,4320,60,Mobile Plant,,,,,,,7041.67,,,11/23/2018,24,,13000.00,,,,,,,,,,,,,,,,,,,,,,
Caledonia Plant,200607,FORKLIFT,4320,60,Mobile Plant,,,,,,,7041.67,,,11/23/2018,24,,13000.00,,,,,,,,,,,,,,,,,,,,,,
Caledonia Plant,200608,FORKLIFT,4320,60,Mobile Plant,,,,,,,2491.67,,,11/23/2018,24,,4600.00,,,,,,,,,,,,,,,,,,,,,,
Caledonia Plant,200610,LOADER,4320,60,Mobile Plant,,,,,,,15708.33,,,11/23/2018,24,,29000.00,,,,,,,,,,,,,,,,,,,,,,
Caledonia Plant,200611,DOZER,4320,60,Mobile Plant,,,,,,,13000.00,,,11/23/2018,24,,24000.00,,,,,,,,,,,,,,,,,,,,,,
Caledonia Plant,200612,SEMI TRAILER,4320,60,Mobile Plant,,,,,,,541.67,,,11/23/2018,24,,1000.00,,,,,,,,,,,,,,,,,,,,,,
Caledonia Plant,200613,TOWMOTOR,4320,60,Mobile Plant,,,,,,,9208.33,,,11/23/2018,24,,17000.00,,,,,,,,,,,,,,,,,,,,,,
Caledonia Plant,200614,SWEEPER,4320,60,Mobile Plant,,,,,,,2979.17,,,11/23/2018,24,,5500.00,,,,,,,,,,,,,,,,,,,,,,
Caledonia Plant,200615,FORKLIFT,4320,60,Mobile Plant,,,,,,,7041.67,,,11/23/2018,24,,13000.00,,,,,,,,,,,,,,,,,,,,,,
Caledonia Plant,200616,LOADER SKID,4320,60,Mobile Plant,,,,,,,920.83,,,11/23/2018,24,,1700.00,,,,,,,,,,,,,,,,,,,,,,
Caledonia Plant,200620,FORKLIFT,4320,60,Mobile Plant,,,,,,,7583.33,,,11/23/2018,24,,14000.00,,,,,,,,,,,,,,,,,,,,,,
Caledonia Plant,200624,TRAILER,4320,60,Mobile Plant,,,,,,,2275.00,,,11/23/2018,24,,4200.00,,,,,,,,,,,,,,,,,,,,,,
Caledonia Plant,200626,TRACTOR,4320,60,Mobile Plant,,,,,,,7041.67,,,11/23/2018,24,,13000.00,,,,,,,,,,,,,,,,,,,,,,
Caledonia Plant,200627,TRACTOR,4320,60,Mobile Plant,,,,,,,11375.00,,,11/23/2018,24,,21000.00,,,,,,,,,,,,,,,,,,,,,,
Caledonia Plant,200628,TRUCK PICKUP,4320,60,Mobile Plant,,,,,,,4062.50,,,11/23/2018,24,,7500.00,,,,,,,,,,,,,,,,,,,,,,
Caledonia Plant,200617,FORKLIFT,4320,60,Mobile Plant,,,,,,,10416.67,,,11/23/2018,36,,15000.00,,,,,,,,,,,,,,,,,,,,,,
Caledonia Plant,200618,FORKLIFT,4320,60,Mobile Plant,,,,,,,10416.67,,,11/23/2018,36,,15000.00,,,,,,,,,,,,,,,,,,,,,,
Caledonia Plant,200619,FORKLIFT,4320,60,Mobile Plant,,,,,,,10416.67,,,11/23/2018,36,,15000.00,,,,,,,,,,,,,,,,,,,,,,
Caledonia Plant,200622,FORKLIFT,4320,60,Mobile Plant,,,,,,,6597.22,,,11/23/2018,36,,9500.00,,,,,,,,,,,,,,,,,,,,,,
Caledonia Plant,200623,FORKLIFT,4320,60,Mobile Plant,,,,,,,6597.22,,,11/23/2018,36,,9500.00,,,,,,,,,,,,,,,,,,,,,,
Caledonia Plant,200625,TRUCK DUMP,4320,60,Mobile Plant,,,,,,,18750.00,,,11/23/2018,36,,27000.00,,,,,,,,,,,,,,,,,,,,,,
Caledonia Plant,200609,LOADER,4320,60,Mobile Plant,,,,,,,80937.50,,,11/23/2018,48,,105000.00,,,,,,,,,,,,,,,,,,,,,,
Caledonia Plant,200621,FORKLIFT,4320,60,Mobile Plant,,,,,,,13475.00,,,11/23/2018,60,,16500.00,,,,,,,,,,,,,,,,,,,,,,
Caledonia Plant,200629,FORKLIFT,4320,60,Mobile Plant,,,,,,,17966.67,,,11/23/2018,60,,22000.00,,,,,,,,,,,,,,,,,,,,,,
Caledonia Plant,200630,LOADER WHEEL,4320,60,Mobile Plant,,,,,,,152685.19,,,11/23/2018,108,,170000.00,,,,,,,,,,,,,,,,,,,,,,
Caledonia Plant,200787,'08 JD FEL-Turbo & Touchscreen,4320,60,Mobile Plant,,,,,,,6412.11,,,9/25/2019,12,,6995.03,,,,,,,,,,,,,,,,,,,,,,
Redfield Plant,200681,CORE LAND,4340,10,Land - Freehold,,,,,,,890000.00,,,11/23/2018,0,,890000.00,,,,,,,,,,,,,,,,,,,,,,
Redfield Plant,200682,QUARRY,4340,10,Land - Freehold,,,,,,,700000.00,,,11/23/2018,0,,700000.00,,,,,,,,,,,,,,,,,,,,,,
Redfield Plant,200686,PARKING SPACES,4340,15,Land - Improvements,,,,,,,834.10,,,11/23/2018,12,,10000.00,,,,,,,,,,,,,,,,,,,,,,
Redfield Plant,200683,BUILDING 1 MAIN PLANT,4340,40,Buildings,,,,,,,6167.41,,,11/23/2018,12,,74000.00,,,,,,,,,,,,,,,,,,,,,,
Redfield Plant,200684,BUILDING 2 STORAGE BUILDING,4340,40,Buildings,,,,,,,1084.10,,,11/23/2018,12,,13000.00,,,,,,,,,,,,,,,,,,,,,,
Redfield Plant,200685,BUILDING 3 STORAGE BUILDING,4340,40,Buildings,,,,,,,1084.10,,,11/23/2018,12,,13000.00,,,,,,,,,,,,,,,,,,,,,,
Redfield Plant,200249,Roof- Asset Life Extension,4340,40,Buildings,,,,,,,57825.89,,,7/1/2019,36,,65054.00,,,,,,,,,,,,,,,,,,,,,,
Redfield Plant,200205,Waste Chopper,4340,45,Plant & Machinery,,,,,,,45933.30,,,1/1/2019,180,,48635.20,,,,,,,,,,,,,,,,,,,,,,
Redfield Plant,200206,Dry Additive Feeder,4340,45,Plant & Machinery,,,,,,,30760.93,,,1/1/2019,180,,32570.33,,,,,,,,,,,,,,,,,,,,,,
Redfield Plant,200645,FORKLIFT,4340,60,Mobile Plant,,,,,,,11375.00,,,11/23/2018,24,,21000.00,,,,,,,,,,,,,,,,,,,,,,
Redfield Plant,200646,FORKLIFT,4340,60,Mobile Plant,,,,,,,11375.00,,,11/23/2018,24,,21000.00,,,,,,,,,,,,,,,,,,,,,,
Redfield Plant,200647,FORKLIFT,4340,60,Mobile Plant,,,,,,,12458.33,,,11/23/2018,24,,23000.00,,,,,,,,,,,,,,,,,,,,,,
Redfield Plant,200649,FORKLIFT,4340,60,Mobile Plant,,,,,,,9750.00,,,11/23/2018,24,,18000.00,,,,,,,,,,,,,,,,,,,,,,
Redfield Plant,200650,FORKLIFT,4340,60,Mobile Plant,,,,,,,9750.00,,,11/23/2018,24,,18000.00,,,,,,,,,,,,,,,,,,,,,,
Redfield Plant,200652,LOADER,4340,60,Mobile Plant,,,,,,,26000.00,,,11/23/2018,24,,48000.00,,,,,,,,,,,,,,,,,,,,,,
Redfield Plant,200648,FORKLIFT,4340,60,Mobile Plant,,,,,,,51041.67,,,11/23/2018,60,,62500.00,,,,,,,,,,,,,,,,,,,,,,
Redfield Plant,200651,LOADER,4340,60,Mobile Plant,,,,,,,114333.33,,,11/23/2018,60,,140000.00,,,,,,,,,,,,,,,,,,,,,,
Marseilles Plant,200600,CORE LAND,4360,10,Land - Freehold,,,,,,,800000.00,,,11/23/2018,0,,800000.00,,,,,,,,,,,,,,,,,,,,,,
Marseilles Plant,200605,QUARRY MARSEILLES STARVED ROCK,4360,10,Land - Freehold,,,,,,,1580000.00,,,11/23/2018,0,,1580000.00,,,,,,,,,,,,,,,,,,,,,,
Marseilles Plant,200604,PARKING SPACES,4360,15,Land - Improvements,,,,,,,834.10,,,11/23/2018,12,,10000.00,,,,,,,,,,,,,,,,,,,,,,
Marseilles Plant,200212,Concrete Yard,4360,15,Land - Improvements,,,,,,,81201.82,,,2/1/2019,240,,84365.50,,,,,,,,,,,,,,,,,,,,,,
Marseilles Plant,200602,BUILDING 2 STORAGE SHED,4360,40,Buildings,,,,,,,70850.00,,,11/23/2018,120,,78000.00,,,,,,,,,,,,,,,,,,,,,,
Marseilles Plant,200601,BUILDING 1 MAIN PLANT,4360,40,Buildings,,,,,,,1703187.50,,,11/23/2018,240,,1785000.00,,,,,,,,,,,,,,,,,,,,,,
Marseilles Plant,200603,BUILDING 3 WAREHOUSE,4360,40,Buildings,,,,,,,159345.83,,,11/23/2018,240,,167000.00,,,,,,,,,,,,,,,,,,,,,,
Marseilles Plant,200571,STRAPPING HEADS,4360,45,Plant & Machinery,,,,,,,11250.75,,,11/23/2018,12,,135000.00,,,,,,,,,,,,,,,,,,,,,,
Marseilles Plant,200572,KILN CARS,4360,45,Plant & Machinery,,,,,,,71500.00,,,11/23/2018,24,,132000.00,,,,,,,,,,,,,,,,,,,,,,
Marseilles Plant,200576,KILN CAR CLEANING SYSTEM,4360,45,Plant & Machinery,,,,,,,5416.67,,,11/23/2018,24,,10000.00,,,,,,,,,,,,,,,,,,,,,,
Marseilles Plant,200577,KILN CONTROLS,4360,45,Plant & Machinery,,,,,,,10833.33,,,11/23/2018,24,,20000.00,,,,,,,,,,,,,,,,,,,,,,
Marseilles Plant,200579,LAB EQUIPMENT,4360,45,Plant & Machinery,,,,,,,2708.33,,,11/23/2018,24,,5000.00,,,,,,,,,,,,,,,,,,,,,,
Marseilles Plant,200580,MAINT. MACHINE SHOP EQUIP.,4360,45,Plant & Machinery,,,,,,,8125.00,,,11/23/2018,24,,15000.00,,,,,,,,,,,,,,,,,,,,,,
Marseilles Plant,200556,CRUSHER PRIMARY,4360,45,Plant & Machinery,,,,,,,88125.00,,,11/23/2018,36,,126900.00,,,,,,,,,,,,,,,,,,,,,,
Marseilles Plant,200558,CONVEYORS & FEEDERS GRINDING,4360,45,Plant & Machinery,,,,,,,59495.83,,,11/23/2018,120,,65500.00,,,,,,,,,,,,,,,,,,,,,,
Marseilles Plant,200559,BINS CLAY STORAGE,4360,45,Plant & Machinery,,,,,,,14873.96,,,11/23/2018,120,,16375.00,,,,,,,,,,,,,,,,,,,,,,
Marseilles Plant,200560,SCREEN BANKS,4360,45,Plant & Machinery,,,,,,,59495.83,,,11/23/2018,120,,65500.00,,,,,,,,,,,,,,,,,,,,,,
Marseilles Plant,200561,WEIGH FEEDER,4360,45,Plant & Machinery,,,,,,,2974.80,,,11/23/2018,120,,3275.00,,,,,,,,,,,,,,,,,,,,,,
Marseilles Plant,200562,DUST COLLECTION SYSTEM,4360,45,Plant & Machinery,,,,,,,36333.33,,,11/23/2018,120,,40000.00,,,,,,,,,,,,,,,,,,,,,,
Marseilles Plant,200563,EXTRUDER/PUG MILL #1,4360,45,Plant & Machinery,,,,,,,145333.33,,,11/23/2018,120,,160000.00,,,,,,,,,,,,,,,,,,,,,,
Marseilles Plant,200564,EXTRUDER/PUG MILL #2,4360,45,Plant & Machinery,,,,,,,95375.00,,,11/23/2018,120,,105000.00,,,,,,,,,,,,,,,,,,,,,,
Marseilles Plant,200565,DRYERS & HOLDING ROOM,4360,45,Plant & Machinery,,,,,,,195291.67,,,11/23/2018,120,,215000.00,,,,,,,,,,,,,,,,,,,,,,
Marseilles Plant,200566,CUTTERS,4360,45,Plant & Machinery,,,,,,,12716.67,,,11/23/2018,120,,14000.00,,,,,,,,,,,,,,,,,,,,,,
Marseilles Plant,200567,SETTING MACHINE,4360,45,Plant & Machinery,,,,,,,345166.67,,,11/23/2018,120,,380000.00,,,,,,,,,,,,,,,,,,,,,,
Marseilles Plant,200568,ROBOT #1,4360,45,Plant & Machinery,,,,,,,254333.33,,,11/23/2018,120,,280000.00,,,,,,,,,,,,,,,,,,,,,,
Marseilles Plant,200569,ROBOT #2,4360,45,Plant & Machinery,,,,,,,254333.33,,,11/23/2018,120,,280000.00,,,,,,,,,,,,,,,,,,,,,,
Marseilles Plant,200570,ROBOT #3,4360,45,Plant & Machinery,,,,,,,254333.33,,,11/23/2018,120,,280000.00,,,,,,,,,,,,,,,,,,,,,,
Marseilles Plant,200573,TRANSFER CARS,4360,45,Plant & Machinery,,,,,,,29975.00,,,11/23/2018,120,,33000.00,,,,,,,,,,,,,,,,,,,,,,
Marseilles Plant,200574,KILN B,4360,45,Plant & Machinery,,,,,,,1135416.67,,,11/23/2018,120,,1250000.00,,,,,,,,,,,,,,,,,,,,,,
Marseilles Plant,200557,CRUSHER SECONDARY,4360,45,Plant & Machinery,,,,,,,45787.50,,,11/23/2018,132,,49950.00,,,,,,,,,,,,,,,,,,,,,,
Marseilles Plant,200578,COMPRESSOR AIR,4360,45,Plant & Machinery,,,,,,,23472.22,,,11/23/2018,180,,25000.00,,,,,,,,,,,,,,,,,,,,,,
Marseilles Plant,200575,SCRUBBER WET,4360,45,Plant & Machinery,,,,,,,1233796.29,,,11/23/2018,216,,1300000.00,,,,,,,,,,,,,,,,,,,,,,
Marseilles Plant,200207,Movidie Drive- 6 Cutter Drives,4360,45,Plant & Machinery,,,,,,,61740.83,,,1/1/2019,180,,65372.58,,,,,,,,,,,,,,,,,,,,,,
Marseilles Plant,200225,Dehacker Asset Life Extension,4360,45,Plant & Machinery,,,,,,,97055.76,,,5/1/2019,180,,100402.48,,,,,,,,,,,,,,,,,,,,,,
Marseilles Plant,200761,Kiln- Direxa Onsite Support,4360,45,Plant & Machinery,,,,,,,16936.22,,,8/1/2019,36,,18475.88,,,,,,,,,,,,,,,,,,,,,,
Marseilles Plant,200762,Heat Knive Assemblies,4360,45,Plant & Machinery,,,,,,,31969.26,,,8/1/2019,120,,32788.98,,,,,,,,,,,,,,,,,,,,,,
Marseilles Plant,200774,Slide Beds- Steadman Crusher,4360,45,Plant & Machinery,,,,,,,4737.33,,,9/1/2019,24,,5168.00,,,,,,,,,,,,,,,,,,,,,,
Marseilles Plant,200775,Dehacker Walking Beams,4360,45,Plant & Machinery,,,,,,,6766.67,,,9/1/2019,60,,7000.00,,,,,,,,,,,,,,,,,,,,,,
Marseilles Plant,200581,LOADER END,4360,60,Mobile Plant,,,,,,,17333.33,,,11/23/2018,24,,32000.00,,,,,,,,,,,,,,,,,,,,,,
Marseilles Plant,200582,FORKLIFT,4360,60,Mobile Plant,,,,,,,2491.67,,,11/23/2018,24,,4600.00,,,,,,,,,,,,,,,,,,,,,,
Marseilles Plant,200583,CAR CLUB,4360,60,Mobile Plant,,,,,,,920.83,,,11/23/2018,24,,1700.00,,,,,,,,,,,,,,,,,,,,,,
Marseilles Plant,200584,TRACTOR,4360,60,Mobile Plant,,,,,,,3250.00,,,11/23/2018,24,,6000.00,,,,,,,,,,,,,,,,,,,,,,
Marseilles Plant,200585,DOZER,4360,60,Mobile Plant,,,,,,,10291.67,,,11/23/2018,24,,19000.00,,,,,,,,,,,,,,,,,,,,,,
Marseilles Plant,200586,FORKLIFT,4360,60,Mobile Plant,,,,,,,5416.67,,,11/23/2018,24,,10000.00,,,,,,,,,,,,,,,,,,,,,,
Marseilles Plant,200587,SWEEPER,4360,60,Mobile Plant,,,,,,,2708.33,,,11/23/2018,24,,5000.00,,,,,,,,,,,,,,,,,,,,,,
Marseilles Plant,200588,FORKLIFT,4360,60,Mobile Plant,,,,,,,5416.67,,,11/23/2018,24,,10000.00,,,,,,,,,,,,,,,,,,,,,,
Marseilles Plant,200594,FORKLIFT,4360,60,Mobile Plant,,,,,,,8125.00,,,11/23/2018,24,,15000.00,,,,,,,,,,,,,,,,,,,,,,
Marseilles Plant,200595,FORKLIFT,4360,60,Mobile Plant,,,,,,,8125.00,,,11/23/2018,24,,15000.00,,,,,,,,,,,,,,,,,,,,,,
Marseilles Plant,200597,MANLIFT,4360,60,Mobile Plant,,,,,,,2058.33,,,11/23/2018,24,,3800.00,,,,,,,,,,,,,,,,,,,,,,
Marseilles Plant,200598,CRANE,4360,60,Mobile Plant,,,,,,,13541.67,,,11/23/2018,24,,25000.00,,,,,,,,,,,,,,,,,,,,,,
Marseilles Plant,200589,FORKLIFT,4360,60,Mobile Plant,,,,,,,6597.22,,,11/23/2018,36,,9500.00,,,,,,,,,,,,,,,,,,,,,,
Marseilles Plant,200590,FORKLIFT,4360,60,Mobile Plant,,,,,,,6597.22,,,11/23/2018,36,,9500.00,,,,,,,,,,,,,,,,,,,,,,
Marseilles Plant,200596,FORKLIFT,4360,60,Mobile Plant,,,,,,,10416.67,,,11/23/2018,36,,15000.00,,,,,,,,,,,,,,,,,,,,,,
Marseilles Plant,200591,FORKLIFT,4360,60,Mobile Plant,,,,,,,21233.33,,,11/23/2018,60,,26000.00,,,,,,,,,,,,,,,,,,,,,,
Marseilles Plant,200592,FORKLIFT,4360,60,Mobile Plant,,,,,,,21233.33,,,11/23/2018,60,,26000.00,,,,,,,,,,,,,,,,,,,,,,
Marseilles Plant,200593,SKIDSTEER,4360,60,Mobile Plant,,,,,,,30216.67,,,11/23/2018,60,,37000.00,,,,,,,,,,,,,,,,,,,,,,
Marseilles Plant,200599,LOADER END,4360,60,Mobile Plant,,,,,,,134750.00,,,11/23/2018,60,,165000.00,,,,,,,,,,,,,,,,,,,,,,
Reading Retail,200697,READING RETAIL LAND,4500,10,Land - Freehold,,,,,,,254247.78,,,11/23/2018,0,,254247.78,,,,,,,,,,,,,,,,,,,,,,
Reading Retail,200698,READING RETAIL OFFICE,4500,40,Buildings,,,,,,,4044.90,,,11/23/2018,36,,5824.66,,,,,,,,,,,,,,,,,,,,,,
Reading Retail,200700,READING RETAIL OFFICE MISC EXP,4500,40,Buildings,,,,,,,414.80,,,11/23/2018,36,,597.30,,,,,,,,,,,,,,,,,,,,,,
Reading Retail,200699,READING RETAIL OFFICE,4500,40,Buildings,,,,,,,268020.04,,,11/23/2018,120,,295067.94,,,,,,,,,,,,,,,,,,,,,,
Reading Retail,200702,'15 HIAB MOFFETT,4500,60,Mobile Plant,,,,,,,30633.01,,,11/23/2018,60,,37509.81,,,,,,,,,,,,,,,,,,,,,,
Reading Retail,200703,VOLVO L20B LOADER,4500,60,Mobile Plant,,,,,,,41194.91,,,11/23/2018,60,,50442.75,,,,,,,,,,,,,,,,,,,,,,
Reading Retail,200701,'09 MACK DELIVERY TRUCK-STRAIG,4500,60,Mobile Plant,,,,,,,45261.13,,,11/23/2018,84,,52081.30,,,,,,,,,,,,,,,,,,,,,,
Reading Retail,200215,2018 Baoli KBD35 Forklift,4500,60,Mobile Plant,,,,,,,30010.02,,,3/1/2019,84,,33168.86,,,,,,,,,,,,,,,,,,,,,,
Reading Retail,200704,READING- SHORETEL PHONE SYSTEM,4500,70,Office Equipment,,,,,,,5637.00,,,11/23/2018,36,,8117.27,,,,,,,,,,,,,,,,,,,,,,
Lehigh Valley Brick Centre,200705,LAND PLANT SITE,4510,10,Land - Freehold,,,,,,,237398.00,,,11/23/2018,0,,237398.00,,,,,,,,,,,,,,,,,,,,,,
Lehigh Valley Brick Centre,200706,LEHIGH VALLEY LAND IMPROVEMENT,4510,35,Leasehold Improvements,,,,,,,7667.15,,,11/23/2018,60,,9388.35,,,,,,,,,,,,,,,,,,,,,,
Lehigh Valley Brick Centre,200707,LEHIGH VALLEY LAND IMPROVEMENT,4510,35,Leasehold Improvements,,,,,,,9045.70,,,11/23/2018,60,,11076.37,,,,,,,,,,,,,,,,,,,,,,
Lehigh Valley Brick Centre,200708,LEVL YARD- SAND/STONE STORAGE,4510,35,Leasehold Improvements,,,,,,,26654.77,,,11/23/2018,60,,32638.48,,,,,,,,,,,,,,,,,,,,,,
Lehigh Valley Brick Centre,200709,OUTDOOR DISPLAY & SIGNAGE,4510,35,Leasehold Improvements,,,,,,,24299.51,,,11/23/2018,60,,29754.49,,,,,,,,,,,,,,,,,,,,,,
Lehigh Valley Brick Centre,200710,BOCK PLANT BUILDING,4510,40,Buildings,,,,,,,10920.05,,,11/23/2018,60,,13371.48,,,,,,,,,,,,,,,,,,,,,,
Lehigh Valley Brick Centre,200711,OVERHEAD DOOR EAST,4510,40,Buildings,,,,,,,82.41,,,11/23/2018,60,,100.90,,,,,,,,,,,,,,,,,,,,,,
Lehigh Valley Brick Centre,200712,NEW ROOF PLNT OFFICE,4510,40,Buildings,,,,,,,2463.35,,,11/23/2018,60,,3016.35,,,,,,,,,,,,,,,,,,,,,,
Lehigh Valley Brick Centre,200713,PAINT PLANT BUILDING,4510,40,Buildings,,,,,,,821.31,,,11/23/2018,60,,1005.68,,,,,,,,,,,,,,,,,,,,,,
Lehigh Valley Brick Centre,200714,AIR CONDITIONER F OFFICE,4510,40,Buildings,,,,,,,492.90,,,11/23/2018,60,,603.56,,,,,,,,,,,,,,,,,,,,,,
Lehigh Valley Brick Centre,200715,OFFICE EXTENSION,4510,40,Buildings,,,,,,,1642.47,,,11/23/2018,60,,2011.19,,,,,,,,,,,,,,,,,,,,,,
Lehigh Valley Brick Centre,200716,BUILDING - LEHIGH VALLEY,4510,40,Buildings,,,,,,,32533.56,,,11/23/2018,60,,39837.02,,,,,,,,,,,,,,,,,,,,,,
Lehigh Valley Brick Centre,200717,LEHIGH VALLEY BUILDING RENOVAT,4510,40,Buildings,,,,,,,104233.67,,,11/23/2018,120,,114752.67,,,,,,,,,,,,,,,,,,,,,,
Lehigh Valley Brick Centre,200777,Garage Doors & Fencing Upgrade,4510,40,Buildings,,,,,,,15199.38,,,9/1/2019,120,,15457.00,,,,,,,,,,,,,,,,,,,,,,
Lehigh Valley Brick Centre,200718,2014 MACK DELIVERY TRUCK,4510,60,Mobile Plant,,,,,,,64663.01,,,11/23/2018,60,,79179.20,,,,,,,,,,,,,,,,,,,,,,
Lehigh Valley Brick Centre,200719,CAT GP40 FORKLIFT,4510,60,Mobile Plant,,,,,,,15988.26,,,11/23/2018,60,,19577.46,,,,,,,,,,,,,,,,,,,,,,
Lehigh Valley Brick Centre,200720,VOLVO L20F WHEEL LOADER,4510,60,Mobile Plant,,,,,,,14917.32,,,11/23/2018,60,,18266.11,,,,,,,,,,,,,,,,,,,,,,
Lehigh Valley Brick Centre,200721,LEHIGH VALLEY RETAIL USED DUMP,4510,60,Mobile Plant,,,,,,,17858.27,,,11/23/2018,60,,21867.27,,,,,,,,,,,,,,,,,,,,,,
Watsontown Retail,200722,VALUATION NOT ALLOCATED,4540,10,Land - Freehold,,,,,,,108173.00,,,11/23/2018,0,,108173.00,,,,,,,,,,,,,,,,,,,,,,
Watsontown Retail,200723,WATSONTOWN RETAIL OFFICE,4540,40,Buildings,,,,,,,87925.28,,,11/23/2018,60,,107663.61,,,,,,,,,,,,,,,,,,,,,,
Watsontown Retail,200724,SHORETEL PHONE SYSTEM- WATSONT,4540,70,Office Equipment,,,,,,,5490.22,,,11/23/2018,36,,7905.92,,,,,,,,,,,,,,,,,,,,,,
Watsontown Retail,200789,Racking- Eight Stations,4540,70,Office Equipment,,,,,,,4193.79,,,9/25/2019,120,,4229.03,,,,,,,,,,,,,,,,,,,,,,
L&L Supply Brick-Hayward,200725,HAYWARD RENOVATIONS,4550,35,Leasehold Improvements,,,,,,,13523.06,,,11/23/2018,36,,19473.20,,,,,,,,,,,,,,,,,,,,,,
L&L Supply Brick-Hayward,200726,YALE GLP050VXN FORKLIFT,4550,60,Mobile Plant,,,,,,,14933.31,,,11/23/2018,36,,21503.97,,,,,,,,,,,,,,,,,,,,,,
L&L Supply Brick-Hayward,200727,'94 MACK ENGINE LIFE EXTENSION,4550,60,Mobile Plant,,,,,,,5616.69,,,11/23/2018,36,,8088.04,,,,,,,,,,,,,,,,,,,,,,
L&L Supply Brick-Hayward,200728,YALE GP050VX FORKLIFT,4550,60,Mobile Plant,,,,,,,18335.52,,,11/23/2018,36,,26403.14,,,,,,,,,,,,,,,,,,,,,,
L&L Supply Brick-Hayward,200729,SHOWROOM SAMPLE DISPLAY CAB II,4550,70,Office Equipment,,,,,,,15978.27,,,11/23/2018,36,,23008.71,,,,,,,,,,,,,,,,,,,,,,
L&L Supply Brick-Hayward,200730,SHOWROOM SAMPLE DISPLAY CABINE,4550,70,Office Equipment,,,,,,,8335.86,,,11/23/2018,36,,12003.63,,,,,,,,,,,,,,,,,,,,,,
Capitol Retail,200731,FORD F250 ENGINE ASSET LIFE EX,4580,60,Mobile Plant,,,,,,,6972.21,,,11/23/2018,36,,10039.98,,,,,,,,,,,,,,,,,,,,,,
West Des Moines Retail,200732,SALES OFFICE LAND,4600,10,Land - Freehold,,,,,,,112500.00,,,11/23/2018,0,,112500.00,,,,,,,,,,,,,,,,,,,,,,
West Des Moines Retail,200208,Yard Paving I,4600,35,Leasehold Improvements,,,,,,,20777.83,,,1/1/2019,180,,22000.00,,,,,,,,,,,,,,,,,,,,,,
West Des Moines Retail,200209,Yard Paving II,4600,35,Leasehold Improvements,,,,,,,28824.50,,,1/1/2019,180,,30520.00,,,,,,,,,,,,,,,,,,,,,,
West Des Moines Retail,200733,SHOWROOM OFFICE,4600,40,Buildings,,,,,,,28236.81,,,11/23/2018,36,,40661.00,,,,,,,,,,,,,,,,,,,,,,
West Des Moines Retail,200734,OFFICE RENOVATIONS,4600,40,Buildings,,,,,,,240.75,,,11/23/2018,36,,346.67,,,,,,,,,,,,,,,,,,,,,,
West Des Moines Retail,200735,WDM BUILDINGS,4600,40,Buildings,,,,,,,8545.03,,,11/23/2018,60,,10463.29,,,,,,,,,,,,,,,,,,,,,,
West Des Moines Retail,200736,WDM : CITY OF WDM,4600,40,Buildings,,,,,,,243.66,,,11/23/2018,60,,298.37,,,,,,,,,,,,,,,,,,,,,,
West Des Moines Retail,200737,WDM : BUILDINGS PRO LINE INC,4600,40,Buildings,,,,,,,18759.81,,,11/23/2018,60,,22971.20,,,,,,,,,,,,,,,,,,,,,,
West Des Moines Retail,200738,WDM : BUILDINGS PRO LINE INC,4600,40,Buildings,,,,,,,10187.66,,,11/23/2018,60,,12474.68,,,,,,,,,,,,,,,,,,,,,,
West Des Moines Retail,200739,WDM : WAREHOUSE BRICK,4600,40,Buildings,,,,,,,1899.19,,,11/23/2018,60,,2325.54,,,,,,,,,,,,,,,,,,,,,,
West Des Moines Retail,200740,STORAGE SHED ROOF ASSET LIFE E,4600,40,Buildings,,,,,,,24294.73,,,11/23/2018,60,,29748.64,,,,,,,,,,,,,,,,,,,,,,
West Des Moines Retail,200741,WAREHOUSE RACKING,4600,40,Buildings,,,,,,,14406.31,,,11/23/2018,60,,17640.38,,,,,,,,,,,,,,,,,,,,,,
West Des Moines Retail,200742,WDM FORKLIFT- '15 HYSTER H50CT,4600,60,Mobile Plant,,,,,,,11814.14,,,11/23/2018,60,,14466.28,,,,,,,,,,,,,,,,,,,,,,
West Des Moines Retail,200743,SHORETEL PHONE SYSTEM- WDM MSC,4600,70,Office Equipment,,,,,,,7576.77,,,11/23/2018,36,,10910.54,,,,,,,,,,,,,,,,,,,,,,
West Des Moines Retail,200252,Ricoh MP C3004ex Copier,4600,70,Office Equipment,,,,,,,4589.55,,,7/1/2019,60,,4917.31,,,,,,,,,,,,,,,,,,,,,,
Kansas City Retail,200744,'14 TELEDYNE FORKLIFT REPLACEM,4620,60,Mobile Plant,,,,,,,13181.83,,,11/23/2018,60,,16141.02,,,,,,,,,,,,,,,,,,,,,,
Kansas City Retail,200745,2015 TELEDYNE UNLOADER,4620,60,Mobile Plant,,,,,,,23100.28,,,11/23/2018,60,,28286.06,,,,,,,,,,,,,,,,,,,,,,
Kansas City Retail,200746,'17 CAT DP35N FORKLIFT,4620,60,Mobile Plant,,,,,,,31212.06,,,11/23/2018,60,,38218.84,,,,,,,,,,,,,,,,,,,,,,
Michigan Retail,200747,SIGNAGE,4630,35,Leasehold Improvements,,,,,,,147.32,,,11/23/2018,240,,154.40,,,,,,,,,,,,,,,,,,,,,,
Michigan Retail,200749,BUILDING IMPROVEMENTS,4630,40,Buildings,,,,,,,4381.66,,,11/23/2018,60,,5365.31,,,,,,,,,,,,,,,,,,,,,,
Michigan Retail,200748,DETROIT- PURCHASE DETROIT RETA,4630,40,Buildings,,,,,,,391760.89,,,11/23/2018,120,,431296.39,,,,,,,,,,,,,,,,,,,,,,
Michigan Retail,200770,Garage Door- Bay 3,4630,40,Buildings,,,,,,,4461.89,,,8/1/2019,120,,4576.30,,,,,,,,,,,,,,,,,,,,,,
Michigan Retail,200751,TOYOTA FORKLIFT,4630,60,Mobile Plant,,,,,,,17474.25,,,11/23/2018,36,,25162.92,,,,,,,,,,,,,,,,,,,,,,
Michigan Retail,200752,TOYOTA FORKLIFT,4630,60,Mobile Plant,,,,,,,21847.92,,,11/23/2018,36,,31461.00,,,,,,,,,,,,,,,,,,,,,,
Michigan Retail,200750,2015 INT'L. TRUCK & (2) TELEDY,4630,60,Mobile Plant,,,,,,,142117.40,,,11/23/2018,60,,174021.30,,,,,,,,,,,,,,,,,,,,,,
Michigan Retail,200769,(2) Trane 3 Ton Air Cond Units,4630,70,Office Equipment,,,,,,,7104.86,,,8/1/2019,84,,7368.00,,,,,,,,,,,,,,,,,,,,,,
Landmark Stone Plant,200402,CORE LAND,4650,10,Land - Freehold,,,,,,,460000.00,,,11/23/2018,0,,460000.00,,,,,,,,,,,,,,,,,,,,,,
Landmark Stone Plant,200405,PARKING SPACES,4650,15,Land - Improvements,,,,,,,6944.44,,,11/23/2018,36,,10000.00,,,,,,,,,,,,,,,,,,,,,,
Landmark Stone Plant,200404,BUILDING 2 STORAGE,4650,40,Buildings,,,,,,,81683.33,,,11/23/2018,180,,87000.00,,,,,,,,,,,,,,,,,,,,,,
Landmark Stone Plant,200403,BUILDING 1 MAIN PLANT,4650,40,Buildings,,,,,,,1033656.67,,,11/23/2018,300,,1073000.00,,,,,,,,,,,,,,,,,,,,,,
Landmark Stone Plant,200391,COMPRESSOR AIR GA 18,4650,45,Plant & Machinery,,,,,,,5145.83,,,11/23/2018,24,,9500.00,,,,,,,,,,,,,,,,,,,,,,
Landmark Stone Plant,200386,MOLD LIFT ASSIST,4650,45,Plant & Machinery,,,,,,,13066.67,,,11/23/2018,60,,16000.00,,,,,,,,,,,,,,,,,,,,,,
Landmark Stone Plant,200390,SILOS,4650,45,Plant & Machinery,,,,,,,32666.67,,,11/23/2018,60,,40000.00,,,,,,,,,,,,,,,,,,,,,,
Landmark Stone Plant,200392,COMPRESSOR AIR GA 11,4650,45,Plant & Machinery,,,,,,,8166.67,,,11/23/2018,60,,10000.00,,,,,,,,,,,,,,,,,,,,,,
Landmark Stone Plant,200393,COMPRESSOR AIR GA 15,4650,45,Plant & Machinery,,,,,,,10625.00,,,11/23/2018,96,,12000.00,,,,,,,,,,,,,,,,,,,,,,
Landmark Stone Plant,200387,DISPENSER SNAPCO PALLET,4650,45,Plant & Machinery,,,,,,,11675.92,,,11/23/2018,108,,13000.00,,,,,,,,,,,,,,,,,,,,,,
Landmark Stone Plant,200383,MIXER 1 YARD,4650,45,Plant & Machinery,,,,,,,68125.00,,,11/23/2018,120,,75000.00,,,,,,,,,,,,,,,,,,,,,,
Landmark Stone Plant,200384,MIXER 1/2 YARD,4650,45,Plant & Machinery,,,,,,,54500.00,,,11/23/2018,120,,60000.00,,,,,,,,,,,,,,,,,,,,,,
Landmark Stone Plant,200385,ROBOT FLAT MOLD STACKING,4650,45,Plant & Machinery,,,,,,,390583.33,,,11/23/2018,120,,430000.00,,,,,,,,,,,,,,,,,,,,,,
Landmark Stone Plant,200388,ROBOT #2,4650,45,Plant & Machinery,,,,,,,520512.82,,,11/23/2018,156,,560000.00,,,,,,,,,,,,,,,,,,,,,,
Landmark Stone Plant,200389,ROBOT #3,4650,45,Plant & Machinery,,,,,,,520512.82,,,11/23/2018,156,,560000.00,,,,,,,,,,,,,,,,,,,,,,
Landmark Stone Plant,200394,SWEEPER,4650,60,Mobile Plant,,,,,,,2058.33,,,11/23/2018,24,,3800.00,,,,,,,,,,,,,,,,,,,,,,
Landmark Stone Plant,200396,WHEEL LOADER,4650,60,Mobile Plant,,,,,,,29791.67,,,11/23/2018,24,,55000.00,,,,,,,,,,,,,,,,,,,,,,
Landmark Stone Plant,200397,FORKLIFT,4650,60,Mobile Plant,,,,,,,6770.83,,,11/23/2018,24,,12500.00,,,,,,,,,,,,,,,,,,,,,,
Landmark Stone Plant,200398,FORKLIFT,4650,60,Mobile Plant,,,,,,,4333.33,,,11/23/2018,24,,8000.00,,,,,,,,,,,,,,,,,,,,,,
Landmark Stone Plant,200395,BOX LIFTS,4650,60,Mobile Plant,,,,,,,211.81,,,11/23/2018,72,,250.00,,,,,,,,,,,,,,,,,,,,,,
Landmark Stone Plant,200399,FORKLIFT,4650,60,Mobile Plant,,,,,,,14402.78,,,11/23/2018,72,,17000.00,,,,,,,,,,,,,,,,,,,,,,
Landmark Stone Plant,200400,FORKLIFT,4650,60,Mobile Plant,,,,,,,14773.81,,,11/23/2018,84,,17000.00,,,,,,,,,,,,,,,,,,,,,,
Landmark Stone Plant,200401,FORKLIFT,4650,60,Mobile Plant,,,,,,,15208.33,,,11/23/2018,84,,17500.00,,,,,,,,,,,,,,,,,,,,,,
